LOCALITY,S_D,S_M,MALARIA,DENGUE,CHICKENGUNIA,VIRAL_FEVER,FLU,TUBERCULOSIS,DIARROHEA,TYPHOID,CHOLERA,JAUNDICE,TEMP_C,RAIN_MM,AQI,COLABA_V,COLABA_F,KURLA_T,NAGPADA_DI,NAGPADA_TY,NAGPADA_CHO,NAGPADA_J
MUMBAI_CENTRAL,1,1,0.0,0.0,0.0,0.0,0.0,0.0,0.0,0.0,0.0,0.0,26.09,0,159.5,0,0,0,0,0,0,0
MUMBAI_CENTRAL,2,1,0.0,0.0,0.0,0.0,0.0,0.0,0.0,0.0,0.0,0.0,26.2,0,150.5666666667,0,0,0,0,0,0,0
MUMBAI_CENTRAL,3,1,0.0,0.0,0.0,0.0,0.0,0.0,0.0,0.0,0.0,0.0,26.68,0,152.0666666667,0,0,0,0,0,0,0
MUMBAI_CENTRAL,4,1,0.0,0.0,0.0,0.0,0.0,0.0,0.0,0.0,0.0,0.0,27.84,0,124.2,0,0,0,0,0,0,0
MUMBAI_CENTRAL,5,1,0.0,0.0,0.0,0.0,0.0,0.0,0.0,0.0,0.0,0.0,29.06,0,94.23,0,0,0,0,0,0,0
MUMBAI_CENTRAL,6,1,0.0,0.0,0.0,0.0,0.0,0.0,0.0,0.0,0.0,0.0,28.14,0,108.22,0,0,0,0,0,0,0
MUMBAI_CENTRAL,7,1,0.0,0.0,0.0,0.0,0.0,0.0,0.0,0.0,0.0,0.0,27.05,0,113.3266666667,0,0,0,0,0,0,0
MUMBAI_CENTRAL,8,1,0.0,0.0,0.0,0.0,0.0,0.0,0.0,0.0,0.0,0.0,26.66,0,122.3,0,0,0,0,0,0,0
MUMBAI_CENTRAL,9,1,0.0,0.0,0.0,0.0,0.0,0.0,0.0,0.0,0.0,0.0,28.7,0,104.1466666667,0,0,0,0,0,0,0
MUMBAI_CENTRAL,10,1,0.0,0.0,0.0,0.0,0.0,0.0,0.0,0.0,0.0,0.0,27.19,0,112.72,0,0,0,0,0,0,0
MUMBAI_CENTRAL,11,1,0.0,0.0,0.0,0.0,0.0,0.0,0.0,0.0,0.0,0.0,26.55,0,111.2666666667,0,0,0,0,0,0,0
MUMBAI_CENTRAL,12,1,0.0,0.0,0.0,0.0,0.0,0.0,0.0,0.0,0.0,0.0,26.54,0,113.02,0,0,0,0,0,0,0
MUMBAI_CENTRAL,13,1,0.0,0.0,0.0,0.0,0.0,0.0,0.0,0.0,0.0,0.0,26.68,0,117.5333333333,0,0,0,0,0,0,0
MUMBAI_CENTRAL,14,1,0.0,0.0,0.0,0.0,0.0,0.0,0.0,0.0,0.0,0.0,25.86,0,133.7333333333,0,0,0,0,0,0,0
MUMBAI_CENTRAL,15,1,0.0,0.0,0.0,0.0,0.0,0.0,0.0,0.0,0.0,0.0,26.14,0,141.2666666667,0,0,0,0,0,0,0
MUMBAI_CENTRAL,16,1,0.0,0.0,0.0,0.0,0.0,0.0,0.0,0.0,0.0,0.0,26.32,0,119.28,0,0,0,0,0,0,0
MUMBAI_CENTRAL,17,1,0.0,0.0,0.0,0.0,0.0,0.0,0.0,0.0,0.0,0.0,27.17,0,124.2333333333,0,0,0,0,0,0,0
MUMBAI_CENTRAL,18,1,0.0,0.0,0.0,0.0,0.0,0.0,0.0,0.0,0.0,0.0,27,0,122.5666666667,0,0,0,0,0,0,0
MUMBAI_CENTRAL,19,1,0.0,0.0,0.0,0.0,0.0,0.0,0.0,0.0,0.0,0.0,26.7,0,129.0333333333,0,0,0,0,0,0,0
MUMBAI_CENTRAL,20,1,0.0,0.0,0.0,0.0,0.0,0.0,0.0,0.0,0.0,0.0,27.19,0,119.4066666667,0,0,0,0,0,0,0
MUMBAI_CENTRAL,21,1,0.0,0.0,0.0,0.0,0.0,0.0,0.0,0.0,0.0,0.0,27.08,0,100.8066666667,0,0,0,0,0,0,0
MUMBAI_CENTRAL,22,1,0.0,0.0,0.0,0.0,0.0,0.0,0.0,0.0,0.0,0.0,26.99,0,93.35,0,0,0,0,0,0,0
MUMBAI_CENTRAL,23,1,0.0,0.0,0.0,0.0,0.0,0.0,0.0,0.0,0.0,0.0,27.23,0,88.7,0,0,0,0,0,0,0
MUMBAI_CENTRAL,24,1,0.0,0.0,0.0,0.0,0.0,0.0,0.0,0.0,0.0,0.0,27.21,0,103.5666666667,0,0,0,0,0,0,0
MUMBAI_CENTRAL,25,1,0.0,0.0,0.0,0.0,0.0,0.0,0.0,0.0,0.0,0.0,27.4,0,115.62,0,0,0,0,0,0,0
MUMBAI_CENTRAL,26,1,0.0,0.0,0.0,0.0,0.0,0.0,0.0,0.0,0.0,0.0,26.77,0,98.63,0,0,0,0,0,0,0
MUMBAI_CENTRAL,27,1,0.0,0.0,0.0,0.0,0.0,0.0,0.0,0.0,0.0,0.0,25.86,0,98.57,0,0,0,0,0,0,0
MUMBAI_CENTRAL,28,1,0.0,0.0,0.0,0.0,0.0,0.0,0.0,0.0,0.0,0.0,26.31,0,108.5466666667,0,0,0,0,0,0,0
MUMBAI_CENTRAL,29,1,0.0,0.0,0.0,0.0,0.0,0.0,0.0,0.0,0.0,0.0,26.56,0,107.0933333333,0,0,0,0,0,0,0
MUMBAI_CENTRAL,30,1,0.0,0.0,0.0,0.0,0.0,0.0,0.0,0.0,0.0,0.0,47.89,0,107.9133333333,0,0,0,0,0,0,0
MUMBAI_CENTRAL,31,1,0.0,0.0,0.0,0.0,0.0,0.0,0.0,0.0,0.0,0.0,30.87,0,104.2133333333,0,0,0,0,0,0,0
MUMBAI_CENTRAL,1,2,0.0,0.0,0.0,0.0,0.0,0.0,0.0,0.0,0.0,0.0,28.67,0,117.4733333333,0,0,0,0,0,0,0
MUMBAI_CENTRAL,2,2,0.0,0.0,0.0,0.0,0.0,0.0,0.0,0.0,0.0,0.0,28.5,0,100.2066666667,0,0,0,0,0,0,0
MUMBAI_CENTRAL,3,2,0.0,0.0,0.0,0.0,0.0,0.0,0.0,0.0,0.0,0.0,28.97,0,118.7666666667,0,0,0,0,0,0,0
MUMBAI_CENTRAL,4,2,0.0,0.0,0.0,0.0,0.0,0.0,0.0,0.0,0.0,0.0,30.26,0,129.5133333333,0,0,0,0,0,0,0
MUMBAI_CENTRAL,5,2,0.0,0.0,0.0,0.0,0.0,0.0,0.0,0.0,0.0,0.0,30.54,0,126.58,0,0,0,0,0,0,0
MUMBAI_CENTRAL,6,2,0.0,0.0,0.0,0.0,0.0,0.0,0.0,0.0,0.0,0.0,30.06,0,125.14,0,0,0,0,0,0,0
MUMBAI_CENTRAL,7,2,0.0,0.0,0.0,0.0,0.0,0.0,0.0,0.0,0.0,0.0,29.87,0,119.3066666667,0,0,0,0,0,0,0
MUMBAI_CENTRAL,8,2,0.0,0.0,0.0,0.0,0.0,0.0,0.0,0.0,0.0,0.0,30,0,105.4133333333,0,0,0,0,0,0,0
MUMBAI_CENTRAL,9,2,0.0,0.0,0.0,0.0,0.0,0.0,0.0,0.0,0.0,0.0,29.51,0,110.2533333333,0,0,0,0,0,0,0
MUMBAI_CENTRAL,10,2,0.0,0.0,0.0,0.0,0.0,0.0,0.0,0.0,0.0,0.0,31.06,0,111.5066666667,0,0,0,0,0,0,0
MUMBAI_CENTRAL,11,2,0.0,0.0,0.0,0.0,0.0,0.0,0.0,0.0,0.0,0.0,30.08,0,115.6666666667,0,0,0,0,0,0,0
MUMBAI_CENTRAL,12,2,0.0,0.0,0.0,0.0,0.0,0.0,0.0,0.0,0.0,0.0,30.96,0,109.3533333333,0,0,0,0,0,0,0
MUMBAI_CENTRAL,13,2,0.0,0.0,0.0,0.0,0.0,0.0,0.0,0.0,0.0,0.0,30.66,0,117.5933333333,0,0,0,0,0,0,0
MUMBAI_CENTRAL,14,2,0.0,0.0,0.0,0.0,0.0,0.0,0.0,0.0,0.0,0.0,29.9,0,115.4933333333,0,0,0,0,0,0,0
MUMBAI_CENTRAL,15,2,0.0,0.0,0.0,0.0,0.0,0.0,0.0,0.0,0.0,0.0,30.23,0,103.66,0,0,0,0,0,0,0
MUMBAI_CENTRAL,16,2,0.0,0.0,0.0,0.0,0.0,0.0,0.0,0.0,0.0,0.0,30.94,0,96.98,0,0,0,0,0,0,0
MUMBAI_CENTRAL,17,2,0.0,0.0,0.0,0.0,0.0,0.0,0.0,0.0,0.0,0.0,30.35,0,105.8133333333,0,0,0,0,0,0,0
MUMBAI_CENTRAL,18,2,0.0,0.0,0.0,0.0,0.0,0.0,0.0,0.0,0.0,0.0,30.05,0,105.7533333333,0,0,0,0,0,0,0
MUMBAI_CENTRAL,19,2,0.0,0.0,0.0,0.0,0.0,0.0,0.0,0.0,0.0,0.0,30.23,0,102.18,0,0,0,0,0,0,0
MUMBAI_CENTRAL,20,2,0.0,0.0,0.0,0.0,0.0,0.0,0.0,0.0,0.0,0.0,30.27,0,105.3333333333,0,0,0,0,0,0,0
MUMBAI_CENTRAL,21,2,0.0,0.0,0.0,0.0,0.0,0.0,0.0,0.0,0.0,0.0,33.12,0,122.0466666667,0,0,0,0,0,0,0
MUMBAI_CENTRAL,22,2,0.0,0.0,0.0,0.0,0.0,0.0,0.0,0.0,0.0,0.0,33.98,0,109.8466666667,0,0,0,0,0,0,0
MUMBAI_CENTRAL,23,2,0.0,0.0,0.0,0.0,0.0,0.0,0.0,0.0,0.0,0.0,32.57,0,125.5,0,0,0,0,0,0,0
MUMBAI_CENTRAL,24,2,0.0,0.0,0.0,0.0,0.0,0.0,0.0,0.0,0.0,0.0,32.18,0,116.5,0,0,0,0,0,0,0
MUMBAI_CENTRAL,25,2,0.0,0.0,0.0,0.0,0.0,0.0,0.0,0.0,0.0,0.0,31.5,0,100.5866666667,0,0,0,0,0,0,0
MUMBAI_CENTRAL,26,2,0.0,0.0,0.0,0.0,0.0,0.0,0.0,0.0,0.0,0.0,30.07,0,86.14,0,0,0,0,0,0,0
MUMBAI_CENTRAL,27,2,0.0,0.0,0.0,0.0,0.0,0.0,0.0,0.0,0.0,0.0,29.69,0,91.89,0,0,0,0,0,0,0
MUMBAI_CENTRAL,28,2,0.0,0.0,0.0,0.0,0.0,0.0,0.0,0.0,0.0,0.0,27.6,0,85.38,0,0,0,0,0,0,0
MUMBAI_CENTRAL,1,3,0.0,0.0,0.0,0.0,0.0,0.0,0.0,0.0,0.0,0.0,27.58,0,67.24,0,0,0,0,0,0,0
MUMBAI_CENTRAL,2,3,0.0,0.0,0.0,0.0,0.0,0.0,0.0,0.0,0.0,0.0,29.51,0.11,78.85,0,0,0,0,0,0,0
MUMBAI_CENTRAL,3,3,0.0,0.0,0.0,0.0,0.0,0.0,0.0,0.0,0.0,0.0,28.06,0.09,91.32,0,0,0,0,0,0,0
MUMBAI_CENTRAL,4,3,0.0,0.0,0.0,0.0,0.0,0.0,0.0,0.0,0.0,0.0,28.71,0.1,91.62,0,0,0,0,0,0,0
MUMBAI_CENTRAL,5,3,0.0,0.0,0.0,0.0,0.0,0.0,0.0,0.0,0.0,0.0,30.07,0.1,339.7692307692,0,0,0,0,0,0,0
MUMBAI_CENTRAL,6,3,0.0,0.0,0.0,0.0,0.0,0.0,0.0,0.0,0.0,0.0,32.05,0.09,312.0615384615,0,0,0,0,0,0,0
MUMBAI_CENTRAL,7,3,0.0,0.0,0.0,0.0,0.0,0.0,0.0,0.0,0.0,0.0,32.63,0.07,120.2666666667,0,0,0,0,0,0,0
MUMBAI_CENTRAL,8,3,0.0,0.0,0.0,0.0,0.0,0.0,0.0,0.0,0.0,0.0,32.56,0.1,98.25,0,0,0,0,0,0,0
MUMBAI_CENTRAL,9,3,0.0,0.0,0.0,0.0,0.0,0.0,0.0,0.0,0.0,0.0,33.2,0.2,100.06,0,0,0,0,0,0,0
MUMBAI_CENTRAL,10,3,0.0,0.0,0.0,0.0,0.0,0.0,0.0,0.0,0.0,0.0,33.7,0.15,189.51,0,0,0,0,0,0,0
MUMBAI_CENTRAL,11,3,0.0,0.0,0.0,0.0,0.0,0.0,0.0,0.0,0.0,0.0,34.28,0,171.67,0,0,0,0,0,0,0
MUMBAI_CENTRAL,12,3,0.0,0.0,0.0,0.0,0.0,0.0,0.0,0.0,0.0,0.0,35.52,0,164.35,0,0,0,0,0,0,0
MUMBAI_CENTRAL,13,3,0.0,0.0,0.0,0.0,0.0,0.0,0.0,0.0,0.0,0.0,35.24,0,174.98,0,0,0,0,0,0,0
MUMBAI_CENTRAL,14,3,0.0,0.0,0.0,0.0,0.0,0.0,0.0,0.0,0.0,0.0,33.93,0,116.32,0,0,0,0,0,0,0
MUMBAI_CENTRAL,15,3,0.0,0.0,0.0,0.0,0.0,0.0,0.0,0.0,0.0,0.0,31.59,0,91.8,0,0,0,0,0,0,0
MUMBAI_CENTRAL,16,3,0.0,0.0,0.0,0.0,0.0,0.0,0.0,0.0,0.0,0.0,32.34,0,93.5625,0,0,0,0,0,0,0
MUMBAI_CENTRAL,17,3,0.0,0.0,0.0,0.0,0.0,0.0,0.0,0.0,0.0,0.0,30.14,0,171.23,0,0,0,0,0,0,0
MUMBAI_CENTRAL,18,3,0.0,0.0,0.0,0.0,0.0,0.0,0.0,0.0,0.0,0.0,31.37,4.93,155.53,0,0,0,0,0,0,0
MUMBAI_CENTRAL,19,3,0.0,0.0,0.0,0.0,0.0,0.0,0.0,0.0,0.0,0.0,32.34,0,257.3,0,0,0,0,0,0,0
MUMBAI_CENTRAL,20,3,0.0,0.0,0.0,0.0,0.0,0.0,0.0,0.0,0.0,0.0,33.5,0,249.14,0,0,0,0,0,0,0
MUMBAI_CENTRAL,21,3,0.0,0.0,0.0,0.0,0.0,0.0,0.0,0.0,0.0,0.0,33.09,0,195.06,0,0,0,0,0,0,0
MUMBAI_CENTRAL,22,3,0.0,0.0,0.0,0.0,0.0,0.0,0.0,0.0,0.0,0.0,32.14,0,199.38,0,0,0,0,0,0,0
MUMBAI_CENTRAL,23,3,0.0,0.0,0.0,0.0,0.0,0.0,0.0,0.0,0.0,0.0,34.52,0,92.42,0,0,0,0,0,0,0
MUMBAI_CENTRAL,24,3,0.0,0.0,0.0,0.0,0.0,0.0,0.0,0.0,0.0,0.0,32.93,0,143.16,0,0,0,0,0,0,0
MUMBAI_CENTRAL,25,3,0.0,0.0,0.0,0.0,0.0,0.0,0.0,0.0,0.0,0.0,35.63,0,157.53,0,0,0,0,0,0,0
MUMBAI_CENTRAL,26,3,0.0,0.0,0.0,0.0,0.0,0.0,0.0,0.0,0.0,0.0,33.78,0,125.8,0,0,0,0,0,0,0
MUMBAI_CENTRAL,27,3,0.0,0.0,0.0,0.0,0.0,0.0,0.0,0.0,0.0,0.0,33.22,0,124.8666666667,0,0,0,0,0,0,0
MUMBAI_CENTRAL,28,3,0.0,0.0,0.0,0.0,0.0,0.0,0.0,0.0,0.0,0.0,33.52,0,115.31,0,0,0,0,0,0,0
MUMBAI_CENTRAL,29,3,0.0,0.0,0.0,0.0,0.0,0.0,0.0,0.0,0.0,0.0,33.18,0,125.19,0,0,0,0,0,0,0
MUMBAI_CENTRAL,30,3,0.0,0.0,0.0,0.0,0.0,0.0,0.0,0.0,0.0,0.0,33.77,0,116.76,0,0,0,0,0,0,0
MUMBAI_CENTRAL,31,3,0.0,0.0,0.0,0.0,0.0,0.0,0.0,0.0,0.0,0.0,33.24,0,113.92,0,0,0,0,0,0,0
MUMBAI_CENTRAL,1,4,0.0,0.0,0.0,0.0,0.0,0.0,0.0,0.0,0.0,0.0,31.87,0,168.77,0,0,0,0,0,0,0
MUMBAI_CENTRAL,2,4,0.0,0.0,0.0,0.0,0.0,0.0,0.0,0.0,0.0,0.0,32.09,0,108.62,0,0,0,0,0,0,0
MUMBAI_CENTRAL,3,4,0.0,0.0,0.0,0.0,0.0,0.0,0.0,0.0,0.0,0.0,32.03,0,91.8375,0,0,0,0,0,0,0
MUMBAI_CENTRAL,4,4,0.0,0.0,0.0,0.0,0.0,0.0,0.0,0.0,0.0,0.0,32.03,0,100.74,0,0,0,0,0,0,0
MUMBAI_CENTRAL,5,4,0.0,0.0,0.0,0.0,0.0,0.0,0.0,0.0,0.0,0.0,32.29,0,138.8466666667,0,0,0,0,0,0,0
MUMBAI_CENTRAL,6,4,0.0,0.0,0.0,0.0,0.0,0.0,0.0,0.0,0.0,0.0,32.27,0,142.02,0,0,0,0,0,0,0
MUMBAI_CENTRAL,7,4,0.0,0.0,0.0,0.0,0.0,0.0,0.0,0.0,0.0,0.0,31.95,0,134,0,0,0,0,0,0,0
MUMBAI_CENTRAL,8,4,0.0,0.0,0.0,0.0,0.0,0.0,0.0,0.0,0.0,0.0,32.09,0,121.1266666667,0,0,0,0,0,0,0
MUMBAI_CENTRAL,9,4,0.0,0.0,0.0,0.0,0.0,0.0,0.0,0.0,0.0,0.0,32.29,0,110.64,0,0,0,0,0,0,0
MUMBAI_CENTRAL,10,4,0.0,0.0,0.0,0.0,0.0,0.0,0.0,0.0,0.0,0.0,32.81,0,101.2333333333,0,0,0,0,0,0,0
MUMBAI_CENTRAL,11,4,0.0,0.0,0.0,0.0,0.0,0.0,0.0,0.0,0.0,0.0,32.69,0,104.7266666667,0,0,0,0,0,0,0
MUMBAI_CENTRAL,12,4,0.0,0.0,0.0,0.0,0.0,0.0,0.0,0.0,0.0,0.0,32.62,0,85.69,0,0,0,0,0,0,0
MUMBAI_CENTRAL,13,4,0.0,0.0,0.0,0.0,0.0,0.0,0.0,0.0,0.0,0.0,32.65,0,90.39,0,0,0,0,0,0,0
MUMBAI_CENTRAL,14,4,0.0,0.0,0.0,0.0,0.0,0.0,0.0,0.0,0.0,0.0,32.16,0,89.86,0,0,0,0,0,0,0
MUMBAI_CENTRAL,15,4,0.0,0.0,0.0,0.0,0.0,0.0,0.0,0.0,0.0,0.0,32.44,0,91.3,0,0,0,0,0,0,0
MUMBAI_CENTRAL,16,4,0.0,0.0,0.0,0.0,0.0,0.0,0.0,0.0,0.0,0.0,33.85,0,85.71,0,0,0,0,0,0,0
MUMBAI_CENTRAL,17,4,0.0,0.0,0.0,0.0,0.0,0.0,0.0,0.0,0.0,0.0,34.1,0,91.32,0,0,0,0,0,0,0
MUMBAI_CENTRAL,18,4,0.0,0.0,0.0,0.0,0.0,0.0,0.0,0.0,0.0,0.0,33.85,0,98.84,0,0,0,0,0,0,0
MUMBAI_CENTRAL,19,4,0.0,0.0,0.0,0.0,0.0,0.0,0.0,0.0,0.0,0.0,34.34,0,80.61,0,0,0,0,0,0,0
MUMBAI_CENTRAL,20,4,0.0,0.0,0.0,0.0,0.0,0.0,0.0,0.0,0.0,0.0,34.18,0,90.62,0,0,0,0,0,0,0
MUMBAI_CENTRAL,21,4,0.0,0.0,0.0,0.0,0.0,0.0,0.0,0.0,0.0,0.0,34.65,0,96.5,0,0,0,0,0,0,0
MUMBAI_CENTRAL,22,4,0.0,0.0,0.0,0.0,0.0,0.0,0.0,0.0,0.0,0.0,34.28,0,132.66,0,0,0,0,0,0,0
MUMBAI_CENTRAL,23,4,0.0,0.0,0.0,0.0,0.0,0.0,0.0,0.0,0.0,0.0,34.13,0,70.3333333333,0,0,0,0,0,0,0
MUMBAI_CENTRAL,24,4,0.0,0.0,0.0,0.0,0.0,0.0,0.0,0.0,0.0,0.0,33.93,0,75.5833333333,0,0,0,0,0,0,0
MUMBAI_CENTRAL,25,4,0.0,0.0,0.0,0.0,0.0,0.0,0.0,0.0,0.0,0.0,33.42,0,71.0666666667,0,0,0,0,0,0,0
MUMBAI_CENTRAL,26,4,0.0,0.0,0.0,0.0,0.0,0.0,0.0,0.0,0.0,0.0,32.8,0,109.42,0,0,0,0,0,0,0
MUMBAI_CENTRAL,27,4,0.0,0.0,0.0,0.0,0.0,0.0,0.0,0.0,0.0,0.0,33.9,0,107.56,0,0,0,0,0,0,0
MUMBAI_CENTRAL,28,4,0.0,0.0,0.0,0.0,0.0,0.0,0.0,0.0,0.0,0.0,34.17,0,79.85,0,0,0,0,0,0,0
MUMBAI_CENTRAL,29,4,0.0,0.0,0.0,0.0,0.0,0.0,0.0,0.0,0.0,0.0,34.2,0,82.53,0,0,0,0,0,0,0
MUMBAI_CENTRAL,30,4,0.0,0.0,0.0,0.0,0.0,0.0,0.0,0.0,0.0,0.0,34.18,0,119.1866666667,0,0,0,0,0,0,0
MUMBAI_CENTRAL,1,5,0.0,0.0,0.0,0.0,0.0,0.0,0.0,0.0,0.0,0.0,34.12,0,77.66,0,0,0,0,0,0,0
MUMBAI_CENTRAL,2,5,0.0,0.0,0.0,0.0,0.0,0.0,0.0,0.0,0.0,0.0,34.44,0,90.82,0,0,0,0,0,0,0
MUMBAI_CENTRAL,3,5,0.0,0.0,0.0,0.0,0.0,0.0,0.0,0.0,0.0,0.0,34.2,0,98.29,0,0,0,0,0,0,0
MUMBAI_CENTRAL,4,5,0.0,0.0,0.0,0.0,0.0,0.0,0.0,0.0,0.0,0.0,34.5,0,88.35,0,0,0,0,0,0,0
MUMBAI_CENTRAL,5,5,0.0,0.0,0.0,0.0,0.0,0.0,0.0,0.0,0.0,0.0,35.06,0,84.91,0,0,0,0,0,0,0
MUMBAI_CENTRAL,6,5,0.0,0.0,0.0,0.0,0.0,0.0,0.0,0.0,0.0,0.0,35.14,0,88.46,0,0,0,0,0,0,0
MUMBAI_CENTRAL,7,5,0.0,0.0,0.0,0.0,0.0,0.0,0.0,0.0,0.0,0.0,35.35,0,116.21,0,0,0,0,0,0,0
MUMBAI_CENTRAL,8,5,0.0,0.0,0.0,0.0,0.0,0.0,0.0,0.0,0.0,0.0,34.63,0,84.96,0,0,0,0,0,0,0
MUMBAI_CENTRAL,9,5,0.0,0.0,0.0,0.0,0.0,0.0,0.0,0.0,0.0,0.0,34.97,0,83.26,0,0,0,0,0,0,0
MUMBAI_CENTRAL,10,5,0.0,0.0,0.0,0.0,0.0,1.0,0.0,0.0,0.0,0.0,34.99,0,75.02,0,0,3.0,0,0,0,0
MUMBAI_CENTRAL,11,5,0.0,0.0,0.0,0.0,0.0,1.0,0.0,0.0,0.0,0.0,34.6,0,81.86,0,0,3.0,0,0,0,0
MUMBAI_CENTRAL,12,5,0.0,0.0,0.0,0.0,0.0,1.0,0.0,0.0,0.0,0.0,34.64,3.38,78.51,0,0,3.0,0,0,0,0
MUMBAI_CENTRAL,13,5,0.0,0.0,0.0,0.0,0.0,1.0,0.0,0.0,0.0,0.0,34.58,0,79.05,0,0,3.0,0,0,0,0
MUMBAI_CENTRAL,14,5,0.0,0.0,0.0,0.0,0.0,1.0,0.0,0.0,0.0,0.0,35.35,0,79.03,0,0,3.0,0,0,0,0
MUMBAI_CENTRAL,15,5,0.0,0.0,0.0,0.0,0.0,1.0,0.0,0.0,0.0,0.0,35.3,0,87.27,0,0,6.0,0,0,0,0
MUMBAI_CENTRAL,16,5,0.0,0.0,0.0,0.0,0.0,1.0,0.0,0.0,0.0,0.0,35.47,0,97.5,0,0,6.0,0,0,0,0
MUMBAI_CENTRAL,17,5,0.0,0.0,0.0,0.0,0.0,1.0,0.0,0.0,0.0,0.0,35.22,0,77.33,0,0,6.0,0,0,0,0
MUMBAI_CENTRAL,18,5,0.0,0.0,0.0,0.0,0.0,1.0,0.0,0.0,0.0,0.0,34.95,0,75.61,0,0,6.0,0,0,0,0
MUMBAI_CENTRAL,19,5,0.0,0.0,0.0,0.0,0.0,1.0,0.0,0.0,0.0,0.0,34.77,0,71.96,0,0,6.0,0,0,0,0
MUMBAI_CENTRAL,20,5,0.0,0.0,0.0,0.0,0.0,1.0,0.0,0.0,0.0,0.0,34.91,0,76.3333333333,0,0,6.0,0,0,0,0
MUMBAI_CENTRAL,21,5,0.0,0.0,0.0,0.0,0.0,1.0,0.0,0.0,0.0,0.0,35.05,0,76.15,0,0,6.0,0,0,0,0
MUMBAI_CENTRAL,22,5,0.0,0.0,0.0,0.0,0.0,1.0,0.0,0.0,0.0,0.0,35.03,0,83.4833333333,0,0,6.0,0,0,0,0
MUMBAI_CENTRAL,23,5,0.0,0.0,0.0,0.0,0.0,1.0,0.0,0.0,0.0,0.0,35.39,0,79.3,0,0,6.0,0,0,0,0
MUMBAI_CENTRAL,24,5,0.0,0.0,0.0,0.0,0.0,1.0,0.0,0.0,0.0,0.0,35.43,0,73.1333333333,0,0,6.0,0,0,0,0
MUMBAI_CENTRAL,25,5,0.0,0.0,0.0,0.0,0.0,4.0,0.0,0.0,0.0,0.0,35.53,0,89.8,0,0,1.0,0,0,0,0
MUMBAI_CENTRAL,26,5,0.0,0.0,0.0,0.0,0.0,4.0,0.0,0.0,0.0,0.0,35.49,0,92.15,0,0,1.0,0,0,0,0
MUMBAI_CENTRAL,27,5,0.0,0.0,0.0,0.0,0.0,4.0,0.0,0.0,0.0,0.0,35.09,0,76.75,0,0,1.0,0,0,0,0
MUMBAI_CENTRAL,28,5,0.0,0.0,0.0,0.0,0.0,4.0,0.0,0.0,0.0,0.0,35.45,0,87.3666666667,0,0,1.0,0,0,0,0
MUMBAI_CENTRAL,29,5,0.0,0.0,0.0,0.0,0.0,4.0,0.0,0.0,0.0,0.0,35.48,0,72.7333333333,0,0,1.0,0,0,0,0
MUMBAI_CENTRAL,30,5,0.0,0.0,0.0,0.0,0.0,4.0,0.0,0.0,0.0,0.0,35.16,0,69.5,0,0,1.0,0,0,0,0
MUMBAI_CENTRAL,31,5,0.0,0.0,0.0,0.0,0.0,4.0,0.0,0.0,0.0,0.0,35.35,0,95.8666666667,0,0,1.0,0,0,0,0
MUMBAI_CENTRAL,1,6,0.0,0.0,0.0,0.0,0.0,12.0,0.0,0.0,0.0,0.0,35.25,0,74.7666666667,0,0,0.5,0,0,0,0
MUMBAI_CENTRAL,2,6,0.0,0.0,0.0,0.0,0.0,12.0,0.0,0.0,0.0,0.0,35.66,0,168.76,0,0,0.5,0,0,0,0
MUMBAI_CENTRAL,3,6,0.0,0.0,0.0,0.0,0.0,12.0,0.0,0.0,0.0,0.0,36.5,6.78,84.81,0,0,0.5,0,0,0,0
MUMBAI_CENTRAL,4,6,0.0,0.0,0.0,0.0,0.0,12.0,0.0,0.0,0.0,0.0,35.81,0,81.97,0,0,0.5,0,0,0,0
MUMBAI_CENTRAL,5,6,0.0,0.0,0.0,0.0,0.0,2.0,0.0,0.0,0.0,0.0,34.94,0,78,0,0,3.0,0,0,0,0
MUMBAI_CENTRAL,6,6,0.0,0.0,0.0,0.0,0.0,2.0,0.0,0.0,0.0,0.0,35.19,0,82.5,0,0,3.0,0,0,0,0
MUMBAI_CENTRAL,7,6,0.0,0.0,0.0,0.0,0.0,2.0,0.0,0.0,0.0,0.0,33.45,0,100.375,0,0,3.0,0,0,0,0
MUMBAI_CENTRAL,8,6,0.0,0.0,0.0,0.0,0.0,2.0,0.0,0.0,0.0,0.0,34.67,0,91.5,0,0,3.0,0,0,0,0
MUMBAI_CENTRAL,9,6,0.0,0.0,0.0,0.0,0.0,2.0,0.0,0.0,0.0,0.0,34.13,0,88,0,0,3.0,0,0,0,0
MUMBAI_CENTRAL,10,6,0.0,0.0,0.0,0.0,0.0,4.0,0.0,0.0,0.0,0.0,34.44,0,85,0,0,0.75,0,0,0,0
MUMBAI_CENTRAL,11,6,0.0,0.0,0.0,0.0,0.0,4.0,0.0,0.0,0.0,0.0,34.24,0,87,0,0,0.75,0,0,0,0
MUMBAI_CENTRAL,12,6,0.0,0.0,0.0,0.0,0.0,4.0,0.0,0.0,0.0,0.0,31.64,0,86.5,0,0,0.75,0,0,0,0
MUMBAI_CENTRAL,13,6,0.0,0.0,0.0,0.0,0.0,4.0,0.0,0.0,0.0,0.0,30.16,0,64.05,0,0,0.75,0,0,0,0
MUMBAI_CENTRAL,14,6,0.0,0.0,0.0,0.0,0.0,4.0,0.0,0.0,0.0,0.0,29.57,0,66.2333333333,0,0,0.75,0,0,0,0
MUMBAI_CENTRAL,15,6,0.0,0.0,0.0,0.0,0.0,7.0,0.0,0.0,0.0,0.0,29.72,0,67.46667,0,0,0.571428571429,0,0,0,0
MUMBAI_CENTRAL,16,6,0.0,0.0,0.0,0.0,0.0,7.0,0.0,0.0,0.0,0.0,30.94,0,70.7,0,0,0.571428571429,0,0,0,0
MUMBAI_CENTRAL,17,6,0.0,0.0,0.0,0.0,0.0,7.0,0.0,0.0,0.0,0.0,30.4,0.1,59.82,0,0,0.571428571429,0,0,0,0
MUMBAI_CENTRAL,18,6,0.0,0.0,0.0,0.0,0.0,7.0,0.0,0.0,0.0,0.0,29.75,0.08,65.26,0,0,0.571428571429,0,0,0,0
MUMBAI_CENTRAL,19,6,0.0,0.0,0.0,0.0,0.0,7.0,0.0,0.0,0.0,0.0,29.11,0.13,66.63,0,0,0.571428571429,0,0,0,0
MUMBAI_CENTRAL,20,6,0.0,0.0,0.0,0.0,0.0,7.0,0.0,0.0,0.0,0.0,29.63,0.1,67.04,0,0,0.714285714286,0,0,0,0
MUMBAI_CENTRAL,21,6,0.0,0.0,0.0,0.0,0.0,7.0,0.0,0.0,0.0,0.0,29.97,0.11,67.25,0,0,0.714285714286,0,0,0,0
MUMBAI_CENTRAL,22,6,0.0,0.0,0.0,0.0,0.0,7.0,0.0,0.0,0.0,0.0,32.16,0.07,66.1833333333,0,0,0.714285714286,0,0,0,0
MUMBAI_CENTRAL,23,6,0.0,0.0,0.0,0.0,0.0,7.0,0.0,0.0,0.0,0.0,30.66,0.1,60.58,0,0,0.714285714286,0,0,0,0
MUMBAI_CENTRAL,24,6,0.0,0.0,0.0,0.0,0.0,7.0,0.0,0.0,0.0,0.0,32.32,0.1,65.6666666667,0,0,0.714285714286,0,0,0,0
MUMBAI_CENTRAL,25,6,0.0,0.0,0.0,0.0,0.0,0.0,0.0,0.0,0.0,0.0,32.81,0.1,69.15,0,0,0,0,0,0,0
MUMBAI_CENTRAL,26,6,0.0,0.0,0.0,0.0,0.0,0.0,0.0,0.0,0.0,0.0,32.78,0.11,67.6833333333,0,0,0,0,0,0,0
MUMBAI_CENTRAL,27,6,0.0,0.0,0.0,0.0,0.0,0.0,0.0,0.0,0.0,0.0,33.53,0,69.2,0,0,0,0,0,0,0
MUMBAI_CENTRAL,28,6,0.0,0.0,0.0,0.0,0.0,0.0,0.0,0.0,0.0,0.0,33.58,0.05,68.7,0,0,0,0,0,0,0
MUMBAI_CENTRAL,29,6,0.0,0.0,0.0,0.0,0.0,0.0,0.0,0.0,0.0,0.0,33.4,0.05,72.6666666667,0,0,0,0,0,0,0
MUMBAI_CENTRAL,30,6,0.0,0.0,0.0,0.0,0.0,0.0,0.0,0.0,0.0,0.0,32.42,0,68.9333333333,0,0,0,0,0,0,0
MUMBAI_CENTRAL,1,7,0.0,0.0,0.0,0.0,0.0,1.0,0.0,0.0,0.0,0.0,33.56,0,68.4666666667,0,0,4.0,0,0,0,0
MUMBAI_CENTRAL,2,7,0.0,0.0,0.0,0.0,0.0,1.0,0.0,0.0,0.0,0.0,33.6,0,69.6666666667,0,0,4.0,0,0,0,0
MUMBAI_CENTRAL,3,7,0.0,0.0,0.0,0.0,0.0,1.0,0.0,0.0,0.0,0.0,33.87,0,69.2166666667,0,0,4.0,0,0,0,0
MUMBAI_CENTRAL,4,7,0.0,0.0,0.0,0.0,0.0,1.0,0.0,0.0,0.0,0.0,33.76,0,66.8833333333,0,0,4.0,0,0,0,0
MUMBAI_CENTRAL,5,7,0.0,0.0,0.0,0.0,0.0,1.0,6.0,7.0,9.0,7.0,33.52,0,69.3,0,0,3.0,0.833333333333,0.857142857143,0.777777777778,0.857142857143
MUMBAI_CENTRAL,6,7,0.0,0.0,0.0,0.0,0.0,1.0,6.0,7.0,9.0,7.0,33.46,0,77.8833333333,0,0,3.0,0.833333333333,0.857142857143,0.777777777778,0.857142857143
MUMBAI_CENTRAL,7,7,0.0,0.0,0.0,0.0,0.0,1.0,6.0,7.0,9.0,7.0,33.49,0,67.6333333333,0,0,3.0,0.833333333333,0.857142857143,0.777777777778,0.857142857143
MUMBAI_CENTRAL,8,7,0.0,0.0,0.0,0.0,0.0,1.0,6.0,7.0,9.0,7.0,33.53,0,71.9333333333,0,0,3.0,0.833333333333,0.857142857143,0.777777777778,0.857142857143
MUMBAI_CENTRAL,9,7,0.0,0.0,0.0,0.0,0.0,1.0,6.0,7.0,9.0,7.0,33.51,0,66.2,0,0,3.0,0.833333333333,0.857142857143,0.777777777778,0.857142857143
MUMBAI_CENTRAL,10,7,0.0,0.0,0.0,0.0,0.0,1.0,5.0,6.0,7.0,6.0,33.31,0,66.7333333333,0,0,2.0,1.0,1.16666666667,1.14285714286,1.16666666667
MUMBAI_CENTRAL,11,7,0.0,0.0,0.0,0.0,0.0,1.0,5.0,6.0,7.0,6.0,33.12,0,72.4,0,0,2.0,1.0,1.16666666667,1.14285714286,1.16666666667
MUMBAI_CENTRAL,12,7,0.0,0.0,0.0,0.0,0.0,1.0,5.0,6.0,7.0,6.0,33.48,0,64.6166666667,0,0,2.0,1.0,1.16666666667,1.14285714286,1.16666666667
MUMBAI_CENTRAL,13,7,0.0,0.0,0.0,0.0,0.0,1.0,5.0,6.0,7.0,6.0,33.88,0,65.6833333333,0,0,2.0,1.0,1.16666666667,1.14285714286,1.16666666667
MUMBAI_CENTRAL,14,7,0.0,0.0,0.0,0.0,0.0,1.0,5.0,6.0,7.0,6.0,33.88,0,68.5166666667,0,0,2.0,1.0,1.16666666667,1.14285714286,1.16666666667
MUMBAI_CENTRAL,15,7,0.0,0.0,0.0,0.0,0.0,1.0,5.0,7.0,8.0,7.0,33.82,0,70.4666666667,0,0,0.0,1.2,1.0,1.125,1.0
MUMBAI_CENTRAL,16,7,0.0,0.0,0.0,0.0,0.0,1.0,5.0,7.0,8.0,7.0,33.61,0,76.6833333333,0,0,0.0,1.2,1.0,1.125,1.0
MUMBAI_CENTRAL,17,7,0.0,0.0,0.0,0.0,0.0,1.0,5.0,7.0,8.0,7.0,32.62,0,64.5166666667,0,0,0.0,1.2,1.0,1.125,1.0
MUMBAI_CENTRAL,18,7,0.0,0.0,0.0,0.0,0.0,1.0,5.0,7.0,8.0,7.0,33.39,0,64.25,0,0,0.0,1.2,1.0,1.125,1.0
MUMBAI_CENTRAL,19,7,0.0,0.0,0.0,0.0,0.0,1.0,5.0,7.0,8.0,7.0,33.17,0,63.7,0,0,0.0,1.2,1.0,1.125,1.0
MUMBAI_CENTRAL,20,7,0.0,0.0,0.0,0.0,0.0,0.0,6.0,7.0,9.0,7.0,32.43,0,62.9666666667,0,0,0,1.0,1.0,1.0,1.0
MUMBAI_CENTRAL,21,7,0.0,0.0,0.0,0.0,0.0,0.0,6.0,7.0,9.0,7.0,30.74,0.12,60.5,0,0,0,1.0,1.0,1.0,1.0
MUMBAI_CENTRAL,22,7,0.0,0.0,0.0,0.0,0.0,0.0,6.0,7.0,9.0,7.0,32.61,0.1,67.7,0,0,0,1.0,1.0,1.0,1.0
MUMBAI_CENTRAL,23,7,0.0,0.0,0.0,0.0,0.0,0.0,6.0,7.0,9.0,7.0,31.1,0.08,67.66,0,0,0,1.0,1.0,1.0,1.0
MUMBAI_CENTRAL,24,7,0.0,0.0,0.0,0.0,0.0,0.0,6.0,7.0,9.0,7.0,30.97,0.07,67.47,0,0,0,1.0,1.0,1.0,1.0
MUMBAI_CENTRAL,25,7,0.0,0.0,0.0,0.0,0.0,0.0,3.0,4.0,5.0,4.0,31.91,0.05,65.58,0,0,0,1.0,0.75,0.8,0.75
MUMBAI_CENTRAL,26,7,0.0,0.0,0.0,0.0,0.0,0.0,3.0,4.0,5.0,4.0,32.3,0.12,64.44,0,0,0,1.0,0.75,0.8,0.75
MUMBAI_CENTRAL,27,7,0.0,0.0,0.0,0.0,0.0,0.0,3.0,4.0,5.0,4.0,30.77,0.07,66.04,0,0,0,1.0,0.75,0.8,0.75
MUMBAI_CENTRAL,28,7,0.0,0.0,0.0,0.0,0.0,0.0,3.0,4.0,5.0,4.0,30.59,0.09,66.57,0,0,0,1.0,0.75,0.8,0.75
MUMBAI_CENTRAL,29,7,0.0,0.0,0.0,0.0,0.0,0.0,3.0,4.0,5.0,4.0,30.47,0.06,66.58,0,0,0,1.0,0.75,0.8,0.75
MUMBAI_CENTRAL,30,7,0.0,0.0,0.0,0.0,0.0,0.0,3.0,4.0,5.0,4.0,30.79,0.08,66.35,0,0,0,1.0,0.75,0.8,0.75
MUMBAI_CENTRAL,31,7,0.0,0.0,0.0,0.0,0.0,0.0,3.0,4.0,5.0,4.0,32.31,0.05,65.18,0,0,0,1.0,0.75,0.8,0.75
MUMBAI_CENTRAL,1,8,0.0,0.0,0.0,1.0,0.0,0.0,3.0,3.0,4.0,3.0,32.61,0.1,64.65,8.0,0,0,1.0,1.33333333333,1.25,1.33333333333
MUMBAI_CENTRAL,2,8,0.0,0.0,0.0,1.0,0.0,0.0,3.0,3.0,4.0,3.0,32.7,0,65.8666666667,8.0,0,0,1.0,1.33333333333,1.25,1.33333333333
MUMBAI_CENTRAL,3,8,0.0,0.0,0.0,1.0,0.0,0.0,3.0,3.0,4.0,3.0,32.47,0,64,8.0,0,0,1.0,1.33333333333,1.25,1.33333333333
MUMBAI_CENTRAL,4,8,0.0,0.0,0.0,1.0,0.0,0.0,3.0,3.0,4.0,3.0,32.32,0,64.2166666667,8.0,0,0,1.0,1.33333333333,1.25,1.33333333333
MUMBAI_CENTRAL,5,8,0.0,0.0,0.0,3.0,2.0,0.0,1.0,2.0,2.0,2.0,31.65,0,65.3,2.33333333333,2.5,0,0.0,0.5,0.5,0.5
MUMBAI_CENTRAL,6,8,0.0,0.0,0.0,3.0,2.0,0.0,1.0,2.0,2.0,2.0,31.66,8.51,66.9,2.33333333333,2.5,0,0.0,0.5,0.5,0.5
MUMBAI_CENTRAL,7,8,0.0,0.0,0.0,3.0,2.0,0.0,1.0,2.0,2.0,2.0,32.41,0,84.6666666667,2.33333333333,2.5,0,0.0,0.5,0.5,0.5
MUMBAI_CENTRAL,8,8,0.0,0.0,0.0,3.0,2.0,0.0,1.0,2.0,2.0,2.0,31.32,0,73.9333333333,2.33333333333,2.5,0,0.0,0.5,0.5,0.5
MUMBAI_CENTRAL,9,8,0.0,0.0,0.0,3.0,2.0,0.0,1.0,2.0,2.0,2.0,30.45,0,86.95,2.33333333333,2.5,0,0.0,0.5,0.5,0.5
MUMBAI_CENTRAL,10,8,0.0,0.0,0.0,4.0,3.0,1.0,2.0,2.0,3.0,2.0,30.31,0,71.3333333333,2.0,1.66666666667,3.0,0.5,1.0,0.666666666667,1.0
MUMBAI_CENTRAL,11,8,0.0,0.0,0.0,4.0,3.0,1.0,2.0,2.0,3.0,2.0,31.65,0,57.68,2.0,1.66666666667,3.0,0.5,1.0,0.666666666667,1.0
MUMBAI_CENTRAL,12,8,0.0,0.0,0.0,4.0,3.0,1.0,2.0,2.0,3.0,2.0,30.87,0,56.84,2.0,1.66666666667,3.0,0.5,1.0,0.666666666667,1.0
MUMBAI_CENTRAL,13,8,0.0,0.0,0.0,4.0,3.0,1.0,2.0,2.0,3.0,2.0,31.76,0,61.1625,2.0,1.66666666667,3.0,0.5,1.0,0.666666666667,1.0
MUMBAI_CENTRAL,14,8,0.0,0.0,0.0,4.0,3.0,1.0,2.0,2.0,3.0,2.0,31.94,0,78.4125,2.0,1.66666666667,3.0,0.5,1.0,0.666666666667,1.0
MUMBAI_CENTRAL,15,8,0.0,0.0,0.0,3.0,2.0,1.0,2.0,3.0,3.0,3.0,31.7,0,80.9125,0.666666666667,0.5,6.0,0.0,0.0,0.0,0.0
MUMBAI_CENTRAL,16,8,0.0,0.0,0.0,3.0,2.0,1.0,2.0,3.0,3.0,3.0,31.98,0,86.925,0.666666666667,0.5,6.0,0.0,0.0,0.0,0.0
MUMBAI_CENTRAL,17,8,0.0,0.0,0.0,3.0,2.0,1.0,2.0,3.0,3.0,3.0,31.71,39.46,124.72,0.666666666667,0.5,6.0,0.0,0.0,0.0,0.0
MUMBAI_CENTRAL,18,8,0.0,0.0,0.0,3.0,2.0,1.0,2.0,3.0,3.0,3.0,31.39,61.36,70.0375,0.666666666667,0.5,6.0,0.0,0.0,0.0,0.0
MUMBAI_CENTRAL,19,8,0.0,0.0,0.0,3.0,2.0,1.0,2.0,3.0,3.0,3.0,32.95,0,60.5125,0.666666666667,0.5,6.0,0.0,0.0,0.0,0.0
MUMBAI_CENTRAL,20,8,0.0,0.0,0.0,6.0,4.0,1.0,2.0,2.0,3.0,2.0,33.15,0,80.4666666667,1.0,1.0,6.0,0.5,1.0,0.666666666667,1.0
MUMBAI_CENTRAL,21,8,0.0,0.0,0.0,6.0,4.0,1.0,2.0,2.0,3.0,2.0,32.77,0,70.4833333333,1.0,1.0,6.0,0.5,1.0,0.666666666667,1.0
MUMBAI_CENTRAL,22,8,0.0,0.0,0.0,6.0,4.0,1.0,2.0,2.0,3.0,2.0,32.77,0,61.36,1.0,1.0,6.0,0.5,1.0,0.666666666667,1.0
MUMBAI_CENTRAL,23,8,0.0,0.0,0.0,6.0,4.0,1.0,2.0,2.0,3.0,2.0,33.01,0,61.1,1.0,1.0,6.0,0.5,1.0,0.666666666667,1.0
MUMBAI_CENTRAL,24,8,0.0,0.0,0.0,6.0,4.0,1.0,2.0,2.0,3.0,2.0,32.41,0,61.72,1.0,1.0,6.0,0.5,1.0,0.666666666667,1.0
MUMBAI_CENTRAL,25,8,0.0,0.0,0.0,4.0,3.0,4.0,1.0,2.0,2.0,2.0,31.28,0,72.4625,1.25,1.0,1.0,0.0,0.0,0.0,0.0
MUMBAI_CENTRAL,26,8,0.0,0.0,0.0,4.0,3.0,4.0,1.0,2.0,2.0,2.0,33.01,0,61.1,1.25,1.0,1.0,0.0,0.0,0.0,0.0
MUMBAI_CENTRAL,27,8,0.0,0.0,0.0,4.0,3.0,4.0,1.0,2.0,2.0,2.0,33.34,0,68.15,1.25,1.0,1.0,0.0,0.0,0.0,0.0
MUMBAI_CENTRAL,28,8,0.0,0.0,0.0,4.0,3.0,4.0,1.0,2.0,2.0,2.0,30.42,0,122.9,1.25,1.0,1.0,0.0,0.0,0.0,0.0
MUMBAI_CENTRAL,29,8,0.0,0.0,0.0,4.0,3.0,4.0,1.0,2.0,2.0,2.0,31.53,0,82.025,1.25,1.0,1.0,0.0,0.0,0.0,0.0
MUMBAI_CENTRAL,30,8,0.0,0.0,0.0,4.0,3.0,4.0,1.0,2.0,2.0,2.0,30.37,0,73.6375,1.25,1.0,1.0,0.0,0.0,0.0,0.0
MUMBAI_CENTRAL,31,8,0.0,0.0,0.0,4.0,3.0,4.0,1.0,2.0,2.0,2.0,31.73,0,67.2375,1.25,1.0,1.0,0.0,0.0,0.0,0.0
MUMBAI_CENTRAL,1,9,0.0,0.0,0.0,4.0,3.0,12.0,1.0,1.0,1.0,1.0,32.58,0,58.6166666667,2.25,2.0,0.5,2.0,2.0,3.0,2.0
MUMBAI_CENTRAL,2,9,0.0,0.0,0.0,4.0,3.0,12.0,1.0,1.0,1.0,1.0,31.5,0,57.35,2.25,2.0,0.5,2.0,2.0,3.0,2.0
MUMBAI_CENTRAL,3,9,0.0,0.0,0.0,4.0,3.0,12.0,1.0,1.0,1.0,1.0,32.29,0,65.4833333333,2.25,2.0,0.5,2.0,2.0,3.0,2.0
MUMBAI_CENTRAL,4,9,0.0,0.0,0.0,4.0,3.0,12.0,1.0,1.0,1.0,1.0,33.56,53.78,69.9666666667,2.25,2.0,0.5,2.0,2.0,3.0,2.0
MUMBAI_CENTRAL,5,9,0.0,0.0,0.0,8.0,5.0,2.0,0.0,0.0,0.0,0.0,32.78,0,65.1,0.75,0.8,3.0,0,0,0,0
MUMBAI_CENTRAL,6,9,0.0,0.0,0.0,8.0,5.0,2.0,0.0,0.0,0.0,0.0,32.66,0,65.04,0.75,0.8,3.0,0,0,0,0
MUMBAI_CENTRAL,7,9,0.0,0.0,0.0,8.0,5.0,2.0,0.0,0.0,0.0,0.0,32.76,0,60.7,0.75,0.8,3.0,0,0,0,0
MUMBAI_CENTRAL,8,9,0.0,0.0,0.0,8.0,5.0,2.0,0.0,0.0,0.0,0.0,32.92,0,69.1833333333,0.75,0.8,3.0,0,0,0,0
MUMBAI_CENTRAL,9,9,0.0,0.0,0.0,8.0,5.0,2.0,0.0,0.0,0.0,0.0,32.26,0,61.9375,0.75,0.8,3.0,0,0,0,0
MUMBAI_CENTRAL,10,9,0.0,0.0,0.0,3.0,2.0,4.0,0.0,0.0,0.0,0.0,30.88,0,86.4125,2.66666666667,2.5,0.75,0,0,0,0
MUMBAI_CENTRAL,11,9,0.0,0.0,0.0,3.0,2.0,4.0,0.0,0.0,0.0,0.0,32.56,0,80.95,2.66666666667,2.5,0.75,0,0,0,0
MUMBAI_CENTRAL,12,9,0.0,0.0,0.0,3.0,2.0,4.0,0.0,0.0,0.0,0.0,32.61,0,67.2,2.66666666667,2.5,0.75,0,0,0,0
MUMBAI_CENTRAL,13,9,0.0,0.0,0.0,3.0,2.0,4.0,0.0,0.0,0.0,0.0,30.3,50.54,65.7333333333,2.66666666667,2.5,0.75,0,0,0,0
MUMBAI_CENTRAL,14,9,0.0,0.0,0.0,3.0,2.0,4.0,0.0,0.0,0.0,0.0,32.32,55.52,59.47,2.66666666667,2.5,0.75,0,0,0,0
MUMBAI_CENTRAL,15,9,0.0,0.0,0.0,3.0,2.0,7.0,2.0,3.0,3.0,3.0,32.04,0,57.48,2.66666666667,2.5,0.571428571429,1.5,1.33333333333,1.66666666667,1.33333333333
MUMBAI_CENTRAL,16,9,0.0,0.0,0.0,3.0,2.0,7.0,2.0,3.0,3.0,3.0,32.51,0,59.51,2.66666666667,2.5,0.571428571429,1.5,1.33333333333,1.66666666667,1.33333333333
MUMBAI_CENTRAL,17,9,0.0,0.0,0.0,3.0,2.0,7.0,2.0,3.0,3.0,3.0,33.11,0,59.76,2.66666666667,2.5,0.571428571429,1.5,1.33333333333,1.66666666667,1.33333333333
MUMBAI_CENTRAL,18,9,0.0,0.0,0.0,3.0,2.0,7.0,2.0,3.0,3.0,3.0,32.51,0,61.75,2.66666666667,2.5,0.571428571429,1.5,1.33333333333,1.66666666667,1.33333333333
MUMBAI_CENTRAL,19,9,0.0,0.0,0.0,3.0,2.0,7.0,2.0,3.0,3.0,3.0,31.98,0,62.91,2.66666666667,2.5,0.571428571429,1.5,1.33333333333,1.66666666667,1.33333333333
MUMBAI_CENTRAL,20,9,0.0,0.0,0.0,2.0,1.0,7.0,3.0,4.0,4.0,4.0,30.12,0,63.54,2.0,3.0,0.714285714286,1.0,1.0,1.0,1.0
MUMBAI_CENTRAL,21,9,0.0,0.0,0.0,2.0,1.0,7.0,3.0,4.0,4.0,4.0,32.31,0,61.72,2.0,3.0,0.714285714286,1.0,1.0,1.0,1.0
MUMBAI_CENTRAL,22,9,0.0,0.0,0.0,2.0,1.0,7.0,3.0,4.0,4.0,4.0,32.39,0,69.4166666667,2.0,3.0,0.714285714286,1.0,1.0,1.0,1.0
MUMBAI_CENTRAL,23,9,0.0,0.0,0.0,2.0,1.0,7.0,3.0,4.0,4.0,4.0,32.79,0,75.95,2.0,3.0,0.714285714286,1.0,1.0,1.0,1.0
MUMBAI_CENTRAL,24,9,0.0,0.0,0.0,2.0,1.0,7.0,3.0,4.0,4.0,4.0,30.71,48.56,81.2666666667,2.0,3.0,0.714285714286,1.0,1.0,1.0,1.0
MUMBAI_CENTRAL,25,9,0.0,0.0,0.0,1.0,0.0,0.0,3.0,4.0,5.0,4.0,32.74,56.49,83.6333333333,1.0,0,0,1.0,0.75,0.8,0.75
MUMBAI_CENTRAL,26,9,0.0,0.0,0.0,1.0,0.0,0.0,3.0,4.0,5.0,4.0,32.16,3.85,82.3833333333,1.0,0,0,1.0,0.75,0.8,0.75
MUMBAI_CENTRAL,27,9,0.0,0.0,0.0,1.0,0.0,0.0,3.0,4.0,5.0,4.0,31.37,0,78.3833333333,1.0,0,0,1.0,0.75,0.8,0.75
MUMBAI_CENTRAL,28,9,0.0,0.0,0.0,1.0,0.0,0.0,3.0,4.0,5.0,4.0,33.39,0,91.2666666667,1.0,0,0,1.0,0.75,0.8,0.75
MUMBAI_CENTRAL,29,9,0.0,0.0,0.0,1.0,0.0,0.0,3.0,4.0,5.0,4.0,34.86,0,135.9333333333,1.0,0,0,1.0,0.75,0.8,0.75
MUMBAI_CENTRAL,30,9,0.0,0.0,0.0,1.0,0.0,0.0,3.0,4.0,5.0,4.0,36.35,0,131.3,1.0,0,0,1.0,0.75,0.8,0.75
MUMBAI_CENTRAL,1,10,0.0,0.0,0.0,1.0,0.0,0.0,0.0,0.0,0.0,0.0,35.75,0,177,0.0,0,0,0,0,0,0
MUMBAI_CENTRAL,2,10,0.0,0.0,0.0,1.0,0.0,0.0,0.0,0.0,0.0,0.0,33.23,0,98.55,0.0,0,0,0,0,0,0
MUMBAI_CENTRAL,3,10,0.0,0.0,0.0,1.0,0.0,0.0,0.0,0.0,0.0,0.0,31.76,0,72.3,0.0,0,0,0,0,0,0
MUMBAI_CENTRAL,4,10,0.0,0.0,0.0,1.0,0.0,0.0,0.0,0.0,0.0,0.0,31.72,0,79.75,0.0,0,0,0,0,0,0
MUMBAI_CENTRAL,5,10,0.0,0.0,0.0,0.0,0.0,0.0,5.0,6.0,8.0,6.0,32.43,0,91.55,0,0,0,0.8,0.833333333333,0.75,0.833333333333
MUMBAI_CENTRAL,6,10,0.0,0.0,0.0,0.0,0.0,0.0,5.0,6.0,8.0,6.0,33.89,0,158.3333333333,0,0,0,0.8,0.833333333333,0.75,0.833333333333
MUMBAI_CENTRAL,7,10,0.0,0.0,0.0,0.0,0.0,0.0,5.0,6.0,8.0,6.0,34.33,0,188.1333333333,0,0,0,0.8,0.833333333333,0.75,0.833333333333
MUMBAI_CENTRAL,8,10,0.0,0.0,0.0,0.0,0.0,0.0,5.0,6.0,8.0,6.0,34.1,0,208.5666666667,0,0,0,0.8,0.833333333333,0.75,0.833333333333
MUMBAI_CENTRAL,9,10,0.0,0.0,0.0,0.0,0.0,0.0,5.0,6.0,8.0,6.0,33.94,0,75.09,0,0,0,0.8,0.833333333333,0.75,0.833333333333
MUMBAI_CENTRAL,10,10,0.0,0.0,0.0,0.0,0.0,0.0,4.0,5.0,7.0,5.0,33.89,0,73.8,0,0,0,1.25,1.2,1.0,1.2
MUMBAI_CENTRAL,11,10,0.0,0.0,0.0,0.0,0.0,0.0,4.0,5.0,7.0,5.0,33.49,0,75.8,0,0,0,1.25,1.2,1.0,1.2
MUMBAI_CENTRAL,12,10,0.0,0.0,0.0,0.0,0.0,0.0,4.0,5.0,7.0,5.0,32.95,0,83.8333333333,0,0,0,1.25,1.2,1.0,1.2
MUMBAI_CENTRAL,13,10,0.0,0.0,0.0,0.0,0.0,0.0,4.0,5.0,7.0,5.0,33.75,0,122.8333333333,0,0,0,1.25,1.2,1.0,1.2
MUMBAI_CENTRAL,14,10,0.0,0.0,0.0,0.0,0.0,0.0,4.0,5.0,7.0,5.0,34.6,0,159.7333333333,0,0,0,1.25,1.2,1.0,1.2
MUMBAI_CENTRAL,15,10,0.0,0.0,0.0,0.0,0.0,0.0,5.0,6.0,7.0,6.0,35.41,0,232.3666666667,0,0,0,1.0,1.0,1.14285714286,1.0
MUMBAI_CENTRAL,16,10,0.0,0.0,0.0,0.0,0.0,0.0,5.0,6.0,7.0,6.0,35.03,0,169.5666666667,0,0,0,1.0,1.0,1.14285714286,1.0
MUMBAI_CENTRAL,17,10,0.0,0.0,0.0,0.0,0.0,0.0,5.0,6.0,7.0,6.0,35.57,0,183.9666666667,0,0,0,1.0,1.0,1.14285714286,1.0
MUMBAI_CENTRAL,18,10,0.0,0.0,0.0,0.0,0.0,0.0,5.0,6.0,7.0,6.0,35.13,0,205.1,0,0,0,1.0,1.0,1.14285714286,1.0
MUMBAI_CENTRAL,19,10,0.0,0.0,0.0,0.0,0.0,0.0,5.0,6.0,7.0,6.0,35.78,0,169.1333333333,0,0,0,1.0,1.0,1.14285714286,1.0
MUMBAI_CENTRAL,20,10,0.0,0.0,0.0,0.0,0.0,0.0,5.0,6.0,8.0,6.0,35.26,0,206.0666666667,0,0,0,1.0,1.0,1.0,1.0
MUMBAI_CENTRAL,21,10,0.0,0.0,0.0,0.0,0.0,0.0,5.0,6.0,8.0,6.0,35.29,0,249.9333333333,0,0,0,1.0,1.0,1.0,1.0
MUMBAI_CENTRAL,22,10,0.0,0.0,0.0,0.0,0.0,0.0,5.0,6.0,8.0,6.0,35.29,0,261.9666666667,0,0,0,1.0,1.0,1.0,1.0
MUMBAI_CENTRAL,23,10,0.0,0.0,0.0,0.0,0.0,0.0,5.0,6.0,8.0,6.0,35.1,0,163.1666666667,0,0,0,1.0,1.0,1.0,1.0
MUMBAI_CENTRAL,24,10,0.0,0.0,0.0,0.0,0.0,0.0,5.0,6.0,8.0,6.0,35.01,0,118.04,0,0,0,1.0,1.0,1.0,1.0
MUMBAI_CENTRAL,25,10,0.0,0.0,0.0,0.0,0.0,0.0,3.0,3.0,4.0,3.0,34.65,0,111.1,0,0,0,0.666666666667,1.0,1.0,1.0
MUMBAI_CENTRAL,26,10,0.0,0.0,0.0,0.0,0.0,0.0,3.0,3.0,4.0,3.0,34.13,0,103.96,0,0,0,0.666666666667,1.0,1.0,1.0
MUMBAI_CENTRAL,27,10,0.0,0.0,0.0,0.0,0.0,0.0,3.0,3.0,4.0,3.0,33.93,0,103.62,0,0,0,0.666666666667,1.0,1.0,1.0
MUMBAI_CENTRAL,28,10,0.0,0.0,0.0,0.0,0.0,0.0,3.0,3.0,4.0,3.0,34.06,0,126.11,0,0,0,0.666666666667,1.0,1.0,1.0
MUMBAI_CENTRAL,29,10,0.0,0.0,0.0,0.0,0.0,0.0,3.0,3.0,4.0,3.0,33.82,0,157.69,0,0,0,0.666666666667,1.0,1.0,1.0
MUMBAI_CENTRAL,30,10,0.0,0.0,0.0,0.0,0.0,0.0,3.0,3.0,4.0,3.0,32.84,0,118.4,0,0,0,0.666666666667,1.0,1.0,1.0
MUMBAI_CENTRAL,31,10,0.0,0.0,0.0,0.0,0.0,0.0,3.0,3.0,4.0,3.0,33.79,0,335.4076923077,0,0,0,0.666666666667,1.0,1.0,1.0
MUMBAI_CENTRAL,1,11,0.0,0.0,0.0,1.0,0.0,0.0,2.0,3.0,4.0,3.0,33.9,0,113.28,8.0,0,0,1.5,1.0,1.0,1.0
MUMBAI_CENTRAL,2,11,0.0,0.0,0.0,1.0,0.0,0.0,2.0,3.0,4.0,3.0,34.5,0,122.47,8.0,0,0,1.5,1.0,1.0,1.0
MUMBAI_CENTRAL,3,11,0.0,0.0,0.0,1.0,0.0,0.0,2.0,3.0,4.0,3.0,33.54,0,155.51,8.0,0,0,1.5,1.0,1.0,1.0
MUMBAI_CENTRAL,4,11,0.0,0.0,0.0,1.0,0.0,0.0,2.0,3.0,4.0,3.0,33.81,0,174.07,8.0,0,0,1.5,1.0,1.0,1.0
MUMBAI_CENTRAL,5,11,0.0,0.0,0.0,3.0,2.0,0.0,1.0,1.0,2.0,1.0,33.85,0,148.05,2.33333333333,2.5,0,0.0,0.0,0.5,0.0
MUMBAI_CENTRAL,6,11,0.0,0.0,0.0,3.0,2.0,0.0,1.0,1.0,2.0,1.0,34.24,0,162.82,2.33333333333,2.5,0,0.0,0.0,0.5,0.0
MUMBAI_CENTRAL,7,11,0.0,0.0,0.0,3.0,2.0,0.0,1.0,1.0,2.0,1.0,34.54,0,166.73,2.33333333333,2.5,0,0.0,0.0,0.5,0.0
MUMBAI_CENTRAL,8,11,0.0,0.0,0.0,3.0,2.0,0.0,1.0,1.0,2.0,1.0,33.81,0,153.95,2.33333333333,2.5,0,0.0,0.0,0.5,0.0
MUMBAI_CENTRAL,9,11,0.0,0.0,0.0,3.0,2.0,0.0,1.0,1.0,2.0,1.0,33.69,0,177.22,2.33333333333,2.5,0,0.0,0.0,0.5,0.0
MUMBAI_CENTRAL,10,11,0.0,0.0,0.0,4.0,3.0,0.0,2.0,2.0,3.0,2.0,33.47,0,176.7666666667,2.0,1.66666666667,0,0.5,0.5,0.666666666667,0.5
MUMBAI_CENTRAL,11,11,0.0,0.0,0.0,4.0,3.0,0.0,2.0,2.0,3.0,2.0,33.96,0,283.2333333333,2.0,1.66666666667,0,0.5,0.5,0.666666666667,0.5
MUMBAI_CENTRAL,12,11,0.0,0.0,0.0,4.0,3.0,0.0,2.0,2.0,3.0,2.0,34.98,0,156.6,2.0,1.66666666667,0,0.5,0.5,0.666666666667,0.5
MUMBAI_CENTRAL,13,11,0.0,0.0,0.0,4.0,3.0,0.0,2.0,2.0,3.0,2.0,33.74,0,185.9333333333,2.0,1.66666666667,0,0.5,0.5,0.666666666667,0.5
MUMBAI_CENTRAL,14,11,0.0,0.0,0.0,4.0,3.0,0.0,2.0,2.0,3.0,2.0,33.26,0,138.45,2.0,1.66666666667,0,0.5,0.5,0.666666666667,0.5
MUMBAI_CENTRAL,15,11,0.0,0.0,0.0,3.0,2.0,0.0,2.0,2.0,3.0,2.0,33.18,0,147.17,0.666666666667,0.5,0,0.0,0.0,0.0,0.0
MUMBAI_CENTRAL,16,11,0.0,0.0,0.0,3.0,2.0,0.0,2.0,2.0,3.0,2.0,33.31,0,146.7,0.666666666667,0.5,0,0.0,0.0,0.0,0.0
MUMBAI_CENTRAL,17,11,0.0,0.0,0.0,3.0,2.0,0.0,2.0,2.0,3.0,2.0,32.97,0,142.19,0.666666666667,0.5,0,0.0,0.0,0.0,0.0
MUMBAI_CENTRAL,18,11,0.0,0.0,0.0,3.0,2.0,0.0,2.0,2.0,3.0,2.0,33.59,0,179.68,0.666666666667,0.5,0,0.0,0.0,0.0,0.0
MUMBAI_CENTRAL,19,11,0.0,0.0,0.0,3.0,2.0,0.0,2.0,2.0,3.0,2.0,30.9,0,186.98,0.666666666667,0.5,0,0.0,0.0,0.0,0.0
MUMBAI_CENTRAL,20,11,0.0,0.0,0.0,6.0,4.0,0.0,2.0,2.0,3.0,2.0,36.07,2.3,154.59,1.0,1.0,0,0.5,0.5,0.666666666667,0.5
MUMBAI_CENTRAL,21,11,0.0,0.0,0.0,6.0,4.0,0.0,2.0,2.0,3.0,2.0,33.71,0,161.29,1.0,1.0,0,0.5,0.5,0.666666666667,0.5
MUMBAI_CENTRAL,22,11,0.0,0.0,0.0,6.0,4.0,0.0,2.0,2.0,3.0,2.0,32.53,0,205.14,1.0,1.0,0,0.5,0.5,0.666666666667,0.5
MUMBAI_CENTRAL,23,11,0.0,0.0,0.0,6.0,4.0,0.0,2.0,2.0,3.0,2.0,32.39,0,149.95,1.0,1.0,0,0.5,0.5,0.666666666667,0.5
MUMBAI_CENTRAL,24,11,0.0,0.0,0.0,6.0,4.0,0.0,2.0,2.0,3.0,2.0,33.23,0,138.25,1.0,1.0,0,0.5,0.5,0.666666666667,0.5
MUMBAI_CENTRAL,25,11,0.0,0.0,0.0,5.0,3.0,0.0,1.0,2.0,2.0,2.0,33.45,0,154.14,1.2,1.33333333333,0,0.0,0.0,0.0,0.0
MUMBAI_CENTRAL,26,11,0.0,0.0,0.0,5.0,3.0,0.0,1.0,2.0,2.0,2.0,33.36,0,198.24,1.2,1.33333333333,0,0.0,0.0,0.0,0.0
MUMBAI_CENTRAL,27,11,0.0,0.0,0.0,5.0,3.0,0.0,1.0,2.0,2.0,2.0,32.01,0,133.9466666667,1.2,1.33333333333,0,0.0,0.0,0.0,0.0
MUMBAI_CENTRAL,28,11,0.0,0.0,0.0,5.0,3.0,0.0,1.0,2.0,2.0,2.0,30.68,0,112.51,1.2,1.33333333333,0,0.0,0.0,0.0,0.0
MUMBAI_CENTRAL,29,11,0.0,0.0,0.0,5.0,3.0,0.0,1.0,2.0,2.0,2.0,31.64,0,147.54,1.2,1.33333333333,0,0.0,0.0,0.0,0.0
MUMBAI_CENTRAL,30,11,0.0,0.0,0.0,5.0,3.0,0.0,1.0,2.0,2.0,2.0,32.72,0,134.0266666667,1.2,1.33333333333,0,0.0,0.0,0.0,0.0
MUMBAI_CENTRAL,1,12,0.0,0.0,0.0,4.0,3.0,0.0,0.0,1.0,1.0,1.0,32.71,0,124.9333333333,2.25,2.0,0,0,2.0,2.0,2.0
MUMBAI_CENTRAL,2,12,0.0,0.0,0.0,4.0,3.0,0.0,0.0,1.0,1.0,1.0,32.28,0,167.3,2.25,2.0,0,0,2.0,2.0,2.0
MUMBAI_CENTRAL,3,12,0.0,0.0,0.0,4.0,3.0,0.0,0.0,1.0,1.0,1.0,31.75,0,122.0466666667,2.25,2.0,0,0,2.0,2.0,2.0
MUMBAI_CENTRAL,4,12,0.0,0.0,0.0,4.0,3.0,0.0,0.0,1.0,1.0,1.0,31.5,0,127.36,2.25,2.0,0,0,2.0,2.0,2.0
MUMBAI_CENTRAL,5,12,0.0,0.0,0.0,8.0,5.0,0.0,0.0,0.0,0.0,0.0,31.82,0,162.32,0.75,0.8,0,0,0,0,0
MUMBAI_CENTRAL,6,12,0.0,0.0,0.0,8.0,5.0,0.0,0.0,0.0,0.0,0.0,31.98,0,147.62,0.75,0.8,0,0,0,0,0
MUMBAI_CENTRAL,7,12,0.0,0.0,0.0,8.0,5.0,0.0,0.0,0.0,0.0,0.0,32.26,0,132.07,0.75,0.8,0,0,0,0,0
MUMBAI_CENTRAL,8,12,0.0,0.0,0.0,8.0,5.0,0.0,0.0,0.0,0.0,0.0,31.46,0,137.23,0.75,0.8,0,0,0,0,0
MUMBAI_CENTRAL,9,12,0.0,0.0,0.0,8.0,5.0,0.0,0.0,0.0,0.0,0.0,30.73,0,191.6333333333,0.75,0.8,0,0,0,0,0
MUMBAI_CENTRAL,10,12,0.0,0.0,0.0,3.0,2.0,0.0,0.0,0.0,0.0,0.0,30.09,0,159.68,2.66666666667,2.5,0,0,0,0,0
MUMBAI_CENTRAL,11,12,0.0,0.0,0.0,3.0,2.0,0.0,0.0,0.0,0.0,0.0,29.56,0,155.65,2.66666666667,2.5,0,0,0,0,0
MUMBAI_CENTRAL,12,12,0.0,0.0,0.0,3.0,2.0,0.0,0.0,0.0,0.0,0.0,28.76,0,143.85,2.66666666667,2.5,0,0,0,0,0
MUMBAI_CENTRAL,13,12,0.0,0.0,0.0,3.0,2.0,0.0,0.0,0.0,0.0,0.0,29,0,138.84,2.66666666667,2.5,0,0,0,0,0
MUMBAI_CENTRAL,14,12,0.0,0.0,0.0,3.0,2.0,0.0,0.0,0.0,0.0,0.0,29.65,0,134.72,2.66666666667,2.5,0,0,0,0,0
MUMBAI_CENTRAL,15,12,0.0,0.0,0.0,3.0,2.0,0.0,2.0,2.0,3.0,2.0,30.04,0,138.2333333333,2.66666666667,2.5,0,1.5,1.5,1.33333333333,1.5
MUMBAI_CENTRAL,16,12,0.0,0.0,0.0,3.0,2.0,0.0,2.0,2.0,3.0,2.0,29.28,0,152.3,2.66666666667,2.5,0,1.5,1.5,1.33333333333,1.5
MUMBAI_CENTRAL,17,12,0.0,0.0,0.0,3.0,2.0,0.0,2.0,2.0,3.0,2.0,28.2,0,132.09,2.66666666667,2.5,0,1.5,1.5,1.33333333333,1.5
MUMBAI_CENTRAL,18,12,0.0,0.0,0.0,3.0,2.0,0.0,2.0,2.0,3.0,2.0,28.29,0,121.18,2.66666666667,2.5,0,1.5,1.5,1.33333333333,1.5
MUMBAI_CENTRAL,19,12,0.0,0.0,0.0,3.0,2.0,0.0,2.0,2.0,3.0,2.0,30.08,0,164.4,2.66666666667,2.5,0,1.5,1.5,1.33333333333,1.5
MUMBAI_CENTRAL,20,12,0.0,0.0,0.0,2.0,1.0,0.0,2.0,3.0,4.0,3.0,29.17,0,207.8666666667,2.0,3.0,0,1.0,1.0,1.0,1.0
MUMBAI_CENTRAL,21,12,0.0,0.0,0.0,2.0,1.0,0.0,2.0,3.0,4.0,3.0,28.62,0,115,2.0,3.0,0,1.0,1.0,1.0,1.0
MUMBAI_CENTRAL,22,12,0.0,0.0,0.0,2.0,1.0,0.0,2.0,3.0,4.0,3.0,26.96,0,105.64,2.0,3.0,0,1.0,1.0,1.0,1.0
MUMBAI_CENTRAL,23,12,0.0,0.0,0.0,2.0,1.0,0.0,2.0,3.0,4.0,3.0,25.72,0,128.7,2.0,3.0,0,1.0,1.0,1.0,1.0
MUMBAI_CENTRAL,24,12,0.0,0.0,0.0,2.0,1.0,0.0,2.0,3.0,4.0,3.0,27,0,116.1533333333,2.0,3.0,0,1.0,1.0,1.0,1.0
MUMBAI_CENTRAL,25,12,0.0,0.0,0.0,0.0,0.0,0.0,2.0,3.0,4.0,3.0,28.91,0,103.1666666667,0,0,0,1.0,1.0,0.75,1.0
MUMBAI_CENTRAL,26,12,0.0,0.0,0.0,0.0,0.0,0.0,2.0,3.0,4.0,3.0,27.84,0,129.9,0,0,0,1.0,1.0,0.75,1.0
MUMBAI_CENTRAL,27,12,0.0,0.0,0.0,0.0,0.0,0.0,2.0,3.0,4.0,3.0,28.36,0,157.8333333333,0,0,0,1.0,1.0,0.75,1.0
MUMBAI_CENTRAL,28,12,0.0,0.0,0.0,0.0,0.0,0.0,2.0,3.0,4.0,3.0,29.33,0,136.8,0,0,0,1.0,1.0,0.75,1.0
MUMBAI_CENTRAL,29,12,0.0,0.0,0.0,0.0,0.0,0.0,2.0,3.0,4.0,3.0,31.07,0,151.7,0,0,0,1.0,1.0,0.75,1.0
MUMBAI_CENTRAL,30,12,0.0,0.0,0.0,0.0,0.0,0.0,2.0,3.0,4.0,3.0,30.43,0,163.72,0,0,0,1.0,1.0,0.75,1.0
MUMBAI_CENTRAL,31,12,0.0,0.0,0.0,0.0,0.0,0.0,2.0,3.0,4.0,3.0,30.6,0,162.1333333333,0,0,0,1.0,1.0,0.75,1.0
