DATE,PM10,OZONE,SO2,PM2.5,NOX,CO,B_PM10,B_PM2.5,B_SO2,B_0ZONE,B_NOX,B_CO,PM10_S,OZONE_S,SO2_S,PM2.5_S,NOX_S,CO_S,AQI,WD_DEG,WD_DIR
01/01/2015,133.13,69.58,10.09,77.85,27.2,1.3,1,1,1,1,1,1,122.0866666667,69.58,12.6125,159.5,34,65,159.5,156.37,s
02/01/2015,136.15,59.68,9.15,75.17,26.19,1.52,1,1,1,1,1,1,124.1,59.68,11.4375,150.5666666667,32.7375,76,150.5666666667,106.54,se
03/01/2015,128.97,55.35,9.55,75.62,26.07,1.5,1,1,1,1,1,1,119.3133333333,55.35,11.9375,152.0666666667,32.5875,75,152.0666666667,105.89,se
04/01/2015,124.7,50.15,10.22,67.26,25.95,1.7,1,1,1,1,1,1,116.4666666667,50.15,12.775,124.2,32.4375,85,124.2,109.11,se
05/01/2015,94.23,41.47,9.78,51.91,25.19,0.87,1,1,1,1,1,1,94.23,41.47,12.225,86.5166666667,31.4875,43.5,94.23,109.17,se
06/01/2015,112.33,56.04,10.5,61.64,26.46,1.12,1,1,1,1,1,1,108.22,56.04,13.125,105.4666666667,33.075,56,108.22,109,se
07/01/2015,119.99,61.91,11.09,63.23,27.08,1.51,1,1,1,1,1,1,113.3266666667,61.91,13.8625,110.7666666667,33.85,75.5,113.3266666667,103.48,se
08/01/2015,125.62,57.13,13.37,66.69,27.54,2.01,1,1,1,1,1,1,117.08,57.13,16.7125,122.3,34.425,100.125,122.3,117.96,se
09/01/2015,106.22,47.65,14.3,55.13,27.2,1.47,1,1,1,1,1,1,104.1466666667,47.65,17.875,91.8833333333,34,73.5,104.1466666667,114.91,se
10/01/2015,119.08,59.71,14.02,60.38,27.95,1.82,1,1,1,1,1,1,112.72,59.71,17.525,101.2666666667,34.9375,91,112.72,143.66,s
11/01/2015,116.9,64.42,12.16,60.58,27.63,1.58,1,1,1,1,1,1,111.2666666667,64.42,15.2,101.9333333333,34.5375,79,111.2666666667,128.4,se
12/01/2015,119.53,68.53,13.53,62.38,28.39,1.64,1,1,1,1,1,1,113.02,68.53,16.9125,107.9333333333,35.4875,82,113.02,138.27,s
13/01/2015,126.3,63.82,16.91,63.37,29.25,1.9,1,1,1,1,1,1,117.5333333333,63.82,21.1375,111.2333333333,36.5625,95,117.5333333333,167.76,s
14/01/2015,137.64,68.56,13.89,70.12,28.52,2.06,1,1,1,1,1,1,125.0933333333,68.56,17.3625,133.7333333333,35.65,100.75,133.7333333333,85.49,e
15/01/2015,144.14,64.16,12.92,72.38,27.86,2.14,1,1,1,1,1,1,129.4266666667,64.16,16.15,141.2666666667,34.825,101.75,141.2666666667,74.02,e
16/01/2015,128.92,56.97,12.13,65.28,27.09,1.51,1,1,1,1,1,1,119.28,56.97,15.1625,117.6,33.8625,75.5,119.28,95.06,se
17/01/2015,136.35,59.14,12.1,63.98,27.24,1.49,1,1,1,1,1,1,124.2333333333,59.14,15.125,113.2666666667,34.05,74.5,124.2333333333,89.08,e
18/01/2015,133.85,65.84,12.57,66.3,27.87,1.8,1,1,1,1,1,1,122.5666666667,65.84,15.7125,121,34.8375,90,122.5666666667,81.6,e
19/01/2015,130.75,60.56,10.46,68.71,26.76,1.27,1,1,1,1,1,1,120.5,60.56,13.075,129.0333333333,33.45,63.5,129.0333333333,154.87,s
20/01/2015,129.11,44.57,9.77,57.81,25.4,1.23,1,1,1,1,1,1,119.4066666667,44.57,12.2125,96.35,31.75,61.5,119.4066666667,122.61,se
21/01/2015,101.21,33.9,10.82,55.65,25.02,1.33,1,1,1,1,1,1,100.8066666667,33.9,13.525,92.75,31.275,66.5,100.8066666667,111.81,se
22/01/2015,93.35,24.96,10.49,46.62,24.27,1.17,1,1,1,1,1,1,93.35,24.96,13.1125,77.7,30.3375,58.5,93.35,61.96,e
23/01/2015,88.7,58.78,10.36,48.19,26.56,0.86,1,1,1,1,1,1,88.7,58.78,12.95,80.3166666667,33.2,43,88.7,82.64,e
24/01/2015,105.35,55.58,10.9,53.41,26.56,1.32,1,1,1,1,1,1,103.5666666667,55.58,13.625,89.0166666667,33.2,66,103.5666666667,82.72,e
25/01/2015,123.43,53.22,10.5,57.62,26.26,1.48,1,1,1,1,1,1,115.62,53.22,13.125,96.0333333333,32.825,74,115.62,64.47,e
26/01/2015,98.63,63.09,10.38,50.2,26.91,1,1,1,1,1,1,1,98.63,63.09,12.975,83.6666666667,33.6375,50,98.63,53.11,e
27/01/2015,98.57,65.88,10.69,51.99,27.21,0.97,1,1,1,1,1,1,98.57,65.88,13.3625,86.65,34.0125,48.5,98.57,59.59,e
28/01/2015,112.82,54.97,10.58,55.05,26.41,1.28,1,1,1,1,1,1,108.5466666667,54.97,13.225,91.75,33.0125,64,108.5466666667,73.96,e
29/01/2015,110.64,54.43,10.41,55.64,26.31,1.34,1,1,1,1,1,1,107.0933333333,54.43,13.0125,92.7333333333,32.8875,67,107.0933333333,92.79,se
30/01/2015,111.87,40.61,11.51,53.72,25.73,1.83,1,1,1,1,1,1,107.9133333333,40.61,14.3875,89.5333333333,32.1625,91.5,107.9133333333,94.72,se
31/01/2015,106.32,51.23,13.88,54.03,27.3,1.72,1,1,1,1,1,1,104.2133333333,51.23,17.35,90.05,34.125,86,104.2133333333,120.63,se
01/02/2015,126.21,51.87,13.43,61.28,27.19,2.3,1,1,1,1,1,1,117.4733333333,51.87,16.7875,104.2666666667,33.9875,103.75,117.4733333333,109.55,se
02/02/2015,100.31,48.17,11.16,51,26.02,1.54,1,1,1,1,1,1,100.2066666667,48.17,13.95,85,32.525,77,100.2066666667,65.28,e
03/02/2015,128.15,60.81,14.53,61.71,28.2,2.21,1,1,1,1,1,1,118.7666666667,60.81,18.1625,105.7,35.25,102.625,118.7666666667,49.85,e
04/02/2015,144.27,67.4,15.83,67.46,29.12,2.74,1,1,1,1,1,1,129.5133333333,67.4,19.7875,124.8666666667,36.4,109.25,129.5133333333,138.1,s
05/02/2015,139.87,62.36,16.27,63.78,28.92,2.68,1,1,1,1,1,1,126.58,62.36,20.3375,112.6,36.15,108.5,126.58,140.95,s
06/02/2015,137.71,63.14,15.42,63.15,28.65,2.27,1,1,1,1,1,1,125.14,63.14,19.275,110.5,35.8125,103.375,125.14,184.47,sw
07/02/2015,128.96,62.84,12.31,61.18,27.57,1.54,1,1,1,1,1,1,119.3066666667,62.84,15.3875,103.9333333333,34.4625,77,119.3066666667,131.79,se
08/02/2015,108.12,53.26,11.87,52.72,26.74,1.44,1,1,1,1,1,1,105.4133333333,53.26,14.8375,87.8666666667,33.425,72,105.4133333333,71.54,e
09/02/2015,115.38,55.96,15.52,56.25,28.21,1.88,1,1,1,1,1,1,110.2533333333,55.96,19.4,93.75,35.2625,94,110.2533333333,80.8,e
10/02/2015,117.26,61.1,15.28,57.32,28.48,1.9,1,1,1,1,1,1,111.5066666667,61.1,19.1,95.5333333333,35.6,95,111.5066666667,144.09,s
11/02/2015,123.5,53.66,14.24,59.2,27.6,2.22,1,1,1,1,1,1,115.6666666667,53.66,17.8,98.6666666667,34.5,102.75,115.6666666667,110.85,se
12/02/2015,114.03,59.49,13.75,55.27,27.84,1.82,1,1,1,1,1,1,109.3533333333,59.49,17.1875,92.1166666667,34.8,91,109.3533333333,90.43,se
13/02/2015,126.39,65.22,13.41,57.24,28.12,1.72,1,1,1,1,1,1,117.5933333333,65.22,16.7625,95.4,35.15,86,117.5933333333,110.73,se
14/02/2015,123.24,68.89,12.53,53.17,28.07,1.51,1,1,1,1,1,1,115.4933333333,68.89,15.6625,88.6166666667,35.0875,75.5,115.4933333333,102.85,se
15/02/2015,105.49,40.27,12.41,48.82,26.02,1.34,1,1,1,1,1,1,103.66,40.27,15.5125,81.3666666667,32.525,67,103.66,98.73,se
16/02/2015,96.98,33.52,12.25,48.92,25.49,1.55,1,1,1,1,1,1,96.98,33.52,15.3125,81.5333333333,31.8625,77.5,96.98,133.58,se
17/02/2015,108.72,47.1,11.8,49.91,26.28,1.19,1,1,1,1,1,1,105.8133333333,47.1,14.75,83.1833333333,32.85,59.5,105.8133333333,110.66,se
18/02/2015,108.63,29.81,11.89,46.47,25.11,1.36,1,1,1,1,1,1,105.7533333333,29.81,14.8625,77.45,31.3875,68,105.7533333333,108.63,se
19/02/2015,103.27,32.6,11.66,48.98,25.22,1.08,1,1,1,1,1,1,102.18,32.6,14.575,81.6333333333,31.525,54,102.18,147.67,s
20/02/2015,108,32.47,12.38,45.65,25.47,1.46,1,1,1,1,1,1,105.3333333333,32.47,15.475,76.0833333333,31.8375,73,105.3333333333,124.84,se
21/02/2015,133.07,40.3,14.77,54.3,26.85,2.26,1,1,1,1,1,1,122.0466666667,40.3,18.4625,90.5,33.5625,103.25,122.0466666667,155.16,s
22/02/2015,114.77,46.36,15.63,52.48,27.58,2.11,1,1,1,1,1,1,109.8466666667,46.36,19.5375,87.4666666667,34.475,101.375,109.8466666667,173.71,s
23/02/2015,138.25,44.66,19.86,59.72,28.94,2.87,1,1,1,1,1,1,125.5,44.66,24.825,99.5333333333,36.175,110.875,125.5,162.24,s
24/02/2015,124.75,48.71,12.83,52.62,26.67,1.41,1,1,1,1,1,1,116.5,48.71,16.0375,87.7,33.3375,70.5,116.5,181.6,sw
25/02/2015,100.88,45.2,12.69,41.43,26.46,0.92,1,1,1,1,1,1,100.5866666667,45.2,15.8625,69.05,33.075,46,100.5866666667,109.11,se
26/02/2015,86.14,46.67,13.48,39.31,26.85,0.89,1,1,1,1,1,1,86.14,46.67,16.85,65.5166666667,33.5625,44.5,86.14,105.78,se
27/02/2015,91.89,48.38,13.08,41.71,26.82,1.01,1,1,1,1,1,1,91.89,48.38,16.35,69.5166666667,33.525,50.5,91.89,201.63,sw
28/02/2015,85.38,31.87,12.13,41.93,25.34,1.1,1,1,1,1,1,1,85.38,31.87,15.1625,69.8833333333,31.675,55,85.38,200.69,sw
01/03/2015,67.24,25.47,12.05,37.11,24.86,0.75,1,1,1,1,1,1,67.24,25.47,15.0625,61.85,31.075,37.5,67.24,210.88,sw
02/03/2015,78.85,61.39,11.7,39.11,27.25,0.65,1,1,1,1,1,1,78.85,61.39,14.625,65.1833333333,34.0625,32.5,78.85,214,sw
03/03/2015,91.32,46.68,14.36,43.54,27.15,1.15,1,1,1,1,1,1,91.32,46.68,17.95,72.5666666667,33.9375,57.5,91.32,165.33,s
04/03/2015,91.62,46.28,15,46.11,27.35,1.29,1,1,1,1,1,1,91.62,46.28,18.75,76.85,34.1875,64.5,91.62,121.51,se
05/03/2015,118.97,65.05,16.25,171.7,29.1,1.55,1,1,1,1,1,1,112.6466666667,65.05,20.3125,339.7692307692,36.375,77.5,339.7692307692,124.68,se
06/03/2015,203.26,75.74,17.3,135.68,30.22,3.62,1,1,1,1,1,1,168.84,75.74,21.625,312.0615384615,37.775,120.25,312.0615384615,175.69,s
07/03/2015,109.18,45.86,15.48,66.08,27.23,1.62,1,1,1,1,1,1,106.12,45.86,19.35,120.2666666667,34.0375,81,120.2666666667,150.54,s
08/03/2015,95.82,48.21,13.72,58.95,27.04,1.51,1,1,1,1,1,1,95.82,48.21,17.15,98.25,33.8,75.5,98.25,147.04,s
09/03/2015,100.09,68.17,19.02,59.67,52.25,1.31,1,1,1,1,1,1,100.06,68.17,23.775,99.45,65.3125,65.5,100.06,146.65,s
10/03/2015,131.39,19.18,10.07,66.24,169.51,1.17,1,1,1,1,1,1,120.9266666667,19.18,12.5875,120.8,189.51,58.5,189.51,182.28,sw
11/03/2015,133.47,22.8,7.77,73.5,151.67,1.34,1,1,1,1,1,1,122.3133333333,22.8,9.7125,145,171.67,67,171.67,181.76,sw
12/03/2015,103.12,25.68,6.66,60.91,144.35,1.03,1,1,1,1,1,1,102.08,25.68,8.325,103.0333333333,164.35,51.5,164.35,135.11,s
13/03/2015,102.78,14.46,6.48,58.64,154.98,1.01,1,1,1,1,1,1,101.8533333333,14.46,8.1,97.7333333333,174.98,50.5,174.98,150.7,s
14/03/2015,102.12,15.35,6.26,58.91,96.32,0.93,1,1,1,1,1,1,101.4133333333,15.35,7.825,98.1833333333,116.32,46.5,116.32,145.71,s
15/03/2015,80.74,9.34,4.13,44.61,73.44,0.71,1,1,1,1,1,1,80.74,9.34,5.1625,74.35,91.8,35.5,91.8,202.13,sw
16/03/2015,68.77,7.85,5.62,34.31,74.85,1.8,1,1,1,1,1,1,68.77,7.85,7.025,57.1833333333,93.5625,90,93.5625,175.6,s
17/03/2015,83.38,20.71,5.56,47.74,151.23,0.95,1,1,1,1,1,1,83.38,20.71,6.95,79.5666666667,171.23,47.5,171.23,118.43,se
18/03/2015,108.27,15.57,6.88,60.7,135.53,1.68,1,1,1,1,1,1,105.5133333333,15.57,8.6,102.3333333333,155.53,84,155.53,126.16,se
19/03/2015,112.65,21.2,7.58,64.32,237.3,1.97,1,1,1,1,1,1,108.4333333333,21.2,9.475,114.4,257.3,98.5,257.3,151.1,s
20/03/2015,109.4,23.84,9.94,64.89,229.14,1.97,1,1,1,1,1,1,106.2666666667,23.84,12.425,116.3,249.14,98.5,249.14,162.79,s
21/03/2015,125.21,25.37,8.8,74.3,175.06,2.03,1,1,1,1,1,1,116.8066666667,25.37,11,147.6666666667,195.06,100.375,195.06,125.13,se
22/03/2015,116.52,15.53,7.35,61.92,179.38,1.1,1,1,1,1,1,1,111.0133333333,15.53,9.1875,106.4,199.38,55,199.38,39.38,ne
23/03/2015,92.42,78.29,6.96,51.85,57.86,0.47,1,1,1,1,1,1,92.42,78.29,8.7,86.4166666667,72.325,23.5,92.42,166.63,s
24/03/2015,78.2,12.92,6.02,52.46,123.16,1.1,1,1,1,1,1,1,78.2,12.92,7.525,87.4333333333,143.16,55,143.16,119.55,se
25/03/2015,102.48,21.43,8.95,59.73,137.53,1.28,1,1,1,1,1,1,101.6533333333,21.43,11.1875,99.55,157.53,64,157.53,146.11,s
26/03/2015,123.16,9.43,5.3,67.74,72.14,0.63,1,1,1,1,1,1,115.44,9.43,6.625,125.8,90.175,31.5,125.8,198.66,sw
27/03/2015,109.14,8.74,5.05,67.46,98.87,0.68,1,1,1,1,1,1,106.0933333333,8.74,6.3125,124.8666666667,118.87,34,124.8666666667,205.88,sw
28/03/2015,90.76,8.79,5.43,55.9,95.31,0.55,1,1,1,1,1,1,90.76,8.79,6.7875,93.1666666667,115.31,27.5,115.31,119.21,se
29/03/2015,117,7.14,5.7,46.94,105.19,0.75,1,1,1,1,1,1,111.3333333333,7.14,7.125,78.2333333333,125.19,37.5,125.19,202.42,sw
30/03/2015,89.11,11.6,7.37,46.17,96.76,0.77,1,1,1,1,1,1,89.11,11.6,9.2125,76.95,116.76,38.5,116.76,106.18,se
31/03/2015,74.07,16.13,6.81,36.7,93.92,0.8,1,1,1,1,1,1,74.07,16.13,8.5125,61.1666666667,113.92,40,113.92,141.26,s
01/04/2015,89.95,15.84,7.63,48.05,148.77,1.35,1,1,1,1,1,1,89.95,15.84,9.5375,80.0833333333,168.77,67.5,168.77,206.03,sw
02/04/2015,77.73,10.62,6.78,43.67,88.62,1.16,1,1,1,1,1,1,77.73,10.62,8.475,72.7833333333,108.62,58,108.62,247.78,w
03/04/2015,79.02,9.36,6.34,51.72,73.47,1.01,1,1,1,1,1,1,79.02,9.36,7.925,86.2,91.8375,50.5,91.8375,211.26,sw
04/04/2015,84.23,11.21,6.55,48.49,80.74,1.15,1,1,1,1,1,1,84.23,11.21,8.1875,80.8166666667,100.74,57.5,100.74,214.47,sw
05/04/2015,158.27,8.04,6.65,63.25,64.19,1.19,1,1,1,1,1,1,138.8466666667,8.04,8.3125,110.8333333333,80.2375,59.5,138.8466666667,179.18,s
06/04/2015,163.03,13.63,6.18,52.64,77.68,0.94,1,1,1,1,1,1,142.02,13.63,7.725,87.7333333333,97.1,47,142.02,215.25,sw
07/04/2015,151,13.96,6.76,52.04,102.45,1.12,1,1,1,1,1,1,134,13.96,8.45,86.7333333333,122.45,56,134,130.38,se
08/04/2015,131.69,13.3,6.14,48.39,88.28,1.03,1,1,1,1,1,1,121.1266666667,13.3,7.675,80.65,108.28,51.5,121.1266666667,100.19,se
09/04/2015,115.96,16.48,6.16,44.71,85.26,0.61,1,1,1,1,1,1,110.64,16.48,7.7,74.5166666667,105.26,30.5,110.64,120.65,se
10/04/2015,101.85,11.84,6.24,41.63,66.61,0.79,1,1,1,1,1,1,101.2333333333,11.84,7.8,69.3833333333,83.2625,39.5,101.2333333333,136.39,s
11/04/2015,107.09,10.44,6.72,44.98,45.13,0.86,1,1,1,1,1,1,104.7266666667,10.44,8.4,74.9666666667,56.4125,43,104.7266666667,258.34,w
12/04/2015,85.69,14.26,6.41,42.1,55.9,0.73,1,1,1,1,1,1,85.69,14.26,8.0125,70.1666666667,69.875,36.5,85.69,249.38,w
13/04/2015,90.39,12.06,6.94,43,66.96,0.79,1,1,1,1,1,1,90.39,12.06,8.675,71.6666666667,83.7,39.5,90.39,278.03,nw
14/04/2015,89.86,10.09,7.4,46.46,66.85,1.08,1,1,1,1,1,1,89.86,10.09,9.25,77.4333333333,83.5625,54,89.86,226.68,w
15/04/2015,91.3,12.28,8.23,48.67,14.39,1.25,1,1,1,1,1,1,91.3,12.28,10.2875,81.1166666667,17.9875,62.5,91.3,107.63,se
16/04/2015,85.71,18.55,7.87,40.69,27.87,0.99,1,1,1,1,1,1,85.71,18.55,9.8375,67.8166666667,34.8375,49.5,85.71,184.93,sw
17/04/2015,91.32,18.82,8.09,45.72,25.7,1.1,1,1,1,1,1,1,91.32,18.82,10.1125,76.2,32.125,55,91.32,209.43,sw
18/04/2015,98.84,14.37,8.06,46.47,25.59,1.14,1,1,1,1,1,1,98.84,14.37,10.075,77.45,31.9875,57,98.84,243.52,w
19/04/2015,80.61,12.93,8.55,42.69,25.61,1.23,1,1,1,1,1,1,80.61,12.93,10.6875,71.15,32.0125,61.5,80.61,174.5,s
20/04/2015,90.62,9.62,8.21,40.43,29.26,1.07,1,1,1,1,1,1,90.62,9.62,10.2625,67.3833333333,36.575,53.5,90.62,244.4,w
21/04/2015,96.5,12.82,8.15,46.99,28.14,1.29,1,1,1,1,1,1,96.5,12.82,10.1875,78.3166666667,35.175,64.5,96.5,238.13,w
22/04/2015,148.99,11.06,8.08,42.8,28.16,1.22,1,1,1,1,1,1,132.66,11.06,10.1,71.3333333333,35.2,61,132.66,233.79,w
23/04/2015,59.82,12.39,8.02,42.2,28.19,1.19,1,1,1,1,1,1,59.82,12.39,10.025,70.3333333333,35.2375,59.5,70.3333333333,242.16,w
24/04/2015,63.39,13.12,8.39,45.35,28.12,1.34,1,1,1,1,1,1,63.39,13.12,10.4875,75.5833333333,35.15,67,75.5833333333,205.79,sw
25/04/2015,60.32,13.35,8.35,42.64,28.23,1.29,1,1,1,1,1,1,60.32,13.35,10.4375,71.0666666667,35.2875,64.5,71.0666666667,236.43,w
26/04/2015,51.94,8.56,8.59,36.21,89.42,1.18,1,1,1,1,1,1,51.94,8.56,10.7375,60.35,109.42,59,109.42,146.33,s
27/04/2015,89.01,12.67,8.9,32.91,87.56,1.07,1,1,1,1,1,1,89.01,12.67,11.125,54.85,107.56,53.5,107.56,249.15,w
28/04/2015,79.85,9.92,8.49,38.89,28.95,1.07,1,1,1,1,1,1,79.85,9.92,10.6125,64.8166666667,36.1875,53.5,79.85,242.22,w
29/04/2015,82.53,11.07,8.62,41.24,28.81,1.29,1,1,1,1,1,1,82.53,11.07,10.775,68.7333333333,36.0125,64.5,82.53,257.94,w
30/04/2015,128.78,11.21,8.43,44.15,28.98,1.32,1,1,1,1,1,1,119.1866666667,11.21,10.5375,73.5833333333,36.225,66,119.1866666667,259.21,w
01/05/2015,77.66,13.03,7.84,39.79,29.5,1.18,1,1,1,1,1,1,77.66,13.03,9.8,66.3166666667,36.875,59,77.66,227.12,w
02/05/2015,90.82,15.68,8.2,42.29,30.93,1.25,1,1,1,1,1,1,90.82,15.68,10.25,70.4833333333,38.6625,62.5,90.82,260.46,w
03/05/2015,98.29,14.37,8.14,42.8,33.33,1.19,1,1,1,1,1,1,98.29,14.37,10.175,71.3333333333,41.6625,59.5,98.29,235.31,w
04/05/2015,88.35,12.47,8.68,43.73,31.69,1.25,1,1,1,1,1,1,88.35,12.47,10.85,72.8833333333,39.6125,62.5,88.35,179.95,s
05/05/2015,84.91,10.7,8.78,44.63,27.97,1.42,1,1,1,1,1,1,84.91,10.7,10.975,74.3833333333,34.9625,71,84.91,198.64,sw
06/05/2015,88.46,17.58,8.9,43.81,28.01,1.25,1,1,1,1,1,1,88.46,17.58,11.125,73.0166666667,35.0125,62.5,88.46,217.28,sw
07/05/2015,81.3,16.56,9.36,33.41,96.21,0.98,1,1,1,1,1,1,81.3,16.56,11.7,55.6833333333,116.21,49,116.21,186.86,sw
08/05/2015,84.96,12.07,8.88,39.42,27.7,0.99,1,1,1,1,1,1,84.96,12.07,11.1,65.7,34.625,49.5,84.96,205.75,sw
09/05/2015,83.26,15.46,9.15,41.99,27.83,1.11,1,1,1,1,1,1,83.26,15.46,11.4375,69.9833333333,34.7875,55.5,83.26,177.52,s
10/05/2015,75.02,20.66,8.68,40.75,27.92,1.07,1,1,1,1,1,1,75.02,20.66,10.85,67.9166666667,34.9,53.5,75.02,165.83,s
11/05/2015,81.86,10.11,8.97,42.41,27.9,1.17,1,1,1,1,1,1,81.86,10.11,11.2125,70.6833333333,34.875,58.5,81.86,154.14,s
12/05/2015,78.51,12.1,8.78,40.87,27.99,1.07,1,1,1,1,1,1,78.51,12.1,10.975,68.1166666667,34.9875,53.5,78.51,205.32,sw
13/05/2015,79.05,11.16,9.11,40.94,25.36,1.15,1,1,1,1,1,1,79.05,11.16,11.3875,68.2333333333,31.7,57.5,79.05,224.32,sw
14/05/2015,79.03,17.44,9.29,42.67,23.08,1.27,1,1,1,1,1,1,79.03,17.44,11.6125,71.1166666667,28.85,63.5,79.03,199.55,sw
15/05/2015,87.27,14.5,9.57,43.37,23.13,1.23,1,1,1,1,1,1,87.27,14.5,11.9625,72.2833333333,28.9125,61.5,87.27,178.57,s
16/05/2015,97.5,15.15,9.46,42.06,23.14,1.16,1,1,1,1,1,1,97.5,15.15,11.825,70.1,28.925,58,97.5,211.81,sw
17/05/2015,77.33,19.77,9.08,40.27,23.28,1.04,1,1,1,1,1,1,77.33,19.77,11.35,67.1166666667,29.1,52,77.33,226.77,w
18/05/2015,75.61,15.95,9.55,39.37,23.19,1.11,1,1,1,1,1,1,75.61,15.95,11.9375,65.6166666667,28.9875,55.5,75.61,235.29,w
19/05/2015,71.96,17.15,9.73,40.46,23.13,1.12,1,1,1,1,1,1,71.96,17.15,12.1625,67.4333333333,28.9125,56,71.96,247.68,w
20/05/2015,73.15,18.44,9.66,45.8,23.12,1.16,1,1,1,1,1,1,73.15,18.44,12.075,76.3333333333,28.9,58,76.3333333333,231.97,w
21/05/2015,76.15,16.88,9.57,41.61,23.23,1.18,1,1,1,1,1,1,76.15,16.88,11.9625,69.35,29.0375,59,76.15,218.78,sw
22/05/2015,74.84,15.46,9.71,50.09,23.37,1.31,1,1,1,1,1,1,74.84,15.46,12.1375,83.4833333333,29.2125,65.5,83.4833333333,279.13,nw
23/05/2015,70.54,12.2,9.93,47.58,23.45,1.37,1,1,1,1,1,1,70.54,12.2,12.4125,79.3,29.3125,68.5,79.3,223.72,sw
24/05/2015,61.72,12.49,9.66,43.88,23.55,1.31,1,1,1,1,1,1,61.72,12.49,12.075,73.1333333333,29.4375,65.5,73.1333333333,228.41,w
25/05/2015,73,9.99,10.04,53.88,23.41,1.34,1,1,1,1,1,1,73,9.99,12.55,89.8,29.2625,67,89.8,307.79,nw
26/05/2015,74.61,10.13,10.6,55.29,23.47,1.39,1,1,1,1,1,1,74.61,10.13,13.25,92.15,29.3375,69.5,92.15,203,sw
27/05/2015,64.17,11.37,10.49,46.05,23.51,1.39,1,1,1,1,1,1,64.17,11.37,13.1125,76.75,29.3875,69.5,76.75,153.75,s
28/05/2015,71.8,11,10.51,52.42,23.57,1.43,1,1,1,1,1,1,71.8,11,13.1375,87.3666666667,29.4625,71.5,87.3666666667,326.75,nw
29/05/2015,61.44,11.8,10.49,43.64,23.5,1.35,1,1,1,1,1,1,61.44,11.8,13.1125,72.7333333333,29.375,67.5,72.7333333333,265.76,w
30/05/2015,58.82,12.33,10.66,41.31,23.51,1.39,1,1,1,1,1,1,58.82,12.33,13.325,68.85,29.3875,69.5,69.5,299.67,nw
31/05/2015,77.12,13.12,10.5,57.52,23.78,1.47,1,1,1,1,1,1,77.12,13.12,13.125,95.8666666667,29.725,73.5,95.8666666667,40.5,ne
01/06/2015,62.83,13.52,10.73,44.86,23.69,1.39,1,1,1,1,1,1,62.83,13.52,13.4125,74.7666666667,29.6125,69.5,74.7666666667,214.71,sw
02/06/2015,64.97,9.86,11.87,34.71,148.76,1.23,1,1,1,1,1,1,64.97,9.86,14.8375,57.85,168.76,61.5,168.76,276.1,nw
03/06/2015,84.81,12.7,12.44,32.61,48.5,1.48,1,1,1,1,1,1,84.81,12.7,15.55,54.35,60.625,74,84.81,275.39,nw
04/06/2015,81.97,14.14,11.68,38.04,23.55,1.54,1,1,1,1,1,1,81.97,14.14,14.6,63.4,29.4375,77,81.97,37.84,ne
05/06/2015,75.13,13.05,11.77,37.08,28.69,1.56,1,1,1,1,1,1,75.13,13.05,14.7125,61.8,35.8625,78,78,199.63,sw
06/06/2015,60.86,14.25,12.1,43.11,23.05,1.65,1,1,1,1,1,1,60.86,14.25,15.125,71.85,28.8125,82.5,82.5,194.54,sw
07/06/2015,58.21,10.66,12.03,40.77,23.34,2.03,1,1,1,1,1,1,58.21,10.66,15.0375,67.95,29.175,100.375,100.375,200.91,sw
08/06/2015,59.05,9.51,12.4,41.51,22.96,1.83,1,1,1,1,1,1,59.05,9.51,15.5,69.1833333333,28.7,91.5,91.5,195.81,sw
09/06/2015,55.62,10.41,12.1,38.48,23,1.76,1,1,1,1,1,1,55.62,10.41,15.125,64.1333333333,28.75,88,88,219.53,sw
10/06/2015,55,10.71,12.06,37.93,23.06,1.7,1,1,1,1,1,1,55,10.71,15.075,63.2166666667,28.825,85,85,230.36,w
11/06/2015,56.17,11.46,12.26,38.97,23.02,1.74,1,1,1,1,1,1,56.17,11.46,15.325,64.95,28.775,87,87,207.86,sw
12/06/2015,54.4,11.92,12.37,37.4,22.95,1.73,1,1,1,1,1,1,54.4,11.92,15.4625,62.3333333333,28.6875,86.5,86.5,196.87,sw
13/06/2015,55.57,11.66,12.06,38.43,23.01,37958.39,1,1,1,1,1,1,55.57,11.66,15.075,64.05,28.7625,22.647058824,64.05,206.75,sw
14/06/2015,57.05,11.9,12.42,39.74,23.03,0,1,1,1,1,1,0,57.05,11.9,15.525,66.2333333333,28.7875,0,66.2333333333,224.62,sw
15/06/2015,57.88,11.19,12.9,40.48,23.01,22856.55,1,1,1,1,1,1,57.88,11.19,16.125,67.4666666667,28.7625,13.294117647,67.46667,186.21,sw
16/06/2015,60.07,11.18,13.22,42.42,23,0.95,1,1,1,1,1,1,60.07,11.18,16.525,70.7,28.75,47.5,70.7,207.79,sw
17/06/2015,59.82,11.63,12.67,35.79,25.53,0.9,1,1,1,1,1,1,59.82,11.63,15.8375,59.65,31.9125,45,59.82,192.97,sw
18/06/2015,65.26,14.17,17.02,36.35,23.14,0.68,1,1,1,1,1,1,65.26,14.17,21.275,60.5833333333,28.925,34,65.26,200.79,sw
19/06/2015,66.63,16.5,17.8,35.75,23.23,0.57,1,1,1,1,1,1,66.63,16.5,22.25,59.5833333333,29.0375,28.5,66.63,214.38,sw
20/06/2015,67.04,15.33,18.9,37.43,16.58,0.54,1,1,1,1,1,1,67.04,15.33,23.625,62.3833333333,20.725,27,67.04,204.04,sw
21/06/2015,67.25,19.74,19.24,36.92,18.88,0.53,1,1,1,1,1,1,67.25,19.74,24.05,61.5333333333,23.6,26.5,67.25,223.17,sw
22/06/2015,65.29,16.39,20.09,39.71,18.87,0.5,1,1,1,1,1,1,65.29,16.39,25.1125,66.1833333333,23.5875,25,66.1833333333,254.09,w
23/06/2015,60.32,20.03,20.57,36.35,18.86,340.62,1,1,1,1,1,1,60.32,20.03,25.7125,60.5833333333,23.575,22.6470588235,60.58,271.57,nw
24/06/2015,56.66,14.01,20.99,39.4,18.85,0.69,1,1,1,1,1,1,56.66,14.01,26.2375,65.6666666667,23.5625,34.5,65.6666666667,282.19,nw
25/06/2015,59.02,13.44,21.63,41.49,18.95,0.75,1,1,1,1,1,1,59.02,13.44,27.0375,69.15,23.6875,37.5,69.15,265.48,w
26/06/2015,58.03,14.05,19.95,40.61,18.98,0.72,1,1,1,1,1,1,58.03,14.05,24.9375,67.6833333333,23.725,36,67.6833333333,270.89,nw
27/06/2015,59.05,14.66,16.01,41.52,18.98,0.69,1,1,1,1,1,1,59.05,14.66,20.0125,69.2,23.725,34.5,69.2,275.9,nw
28/06/2015,58.72,15.59,15.96,41.22,19.04,0.65,1,1,1,1,1,1,58.72,15.59,19.95,68.7,23.8,32.5,68.7,255.32,w
29/06/2015,61.4,14.71,16.45,43.6,19.02,0.72,1,1,1,1,1,1,61.4,14.71,20.5625,72.6666666667,23.775,36,72.6666666667,248.03,w
30/06/2015,58.87,12.87,17.18,41.36,19.04,0.8,1,1,1,1,1,1,58.87,12.87,21.475,68.9333333333,23.8,40,68.9333333333,219.19,sw
01/07/2015,58.55,14.06,16.92,41.08,19.03,0.72,1,1,1,1,1,1,58.55,14.06,21.15,68.4666666667,23.7875,36,68.4666666667,268.59,w
02/07/2015,59.37,14.07,17.39,41.8,19.02,0.72,1,1,1,1,1,1,59.37,14.07,21.7375,69.6666666667,23.775,36,69.6666666667,254.21,w
03/07/2015,59.07,14.21,17.44,41.53,19.05,0.71,1,1,1,1,1,1,59.07,14.21,21.8,69.2166666667,23.8125,35.5,69.2166666667,257.28,w
04/07/2015,57.49,14,17.83,40.13,19.11,0.72,1,1,1,1,1,1,57.49,14,22.2875,66.8833333333,23.8875,36,66.8833333333,269.92,w
05/07/2015,59.13,15.54,17.61,41.58,19.25,0.65,1,1,1,1,1,1,59.13,15.54,22.0125,69.3,24.0625,32.5,69.3,272.21,nw
06/07/2015,64.94,16.62,18.14,46.73,19.23,0.61,1,1,1,1,1,1,64.94,16.62,22.675,77.8833333333,24.0375,30.5,77.8833333333,285.04,nw
07/07/2015,57.99,15.46,18.01,40.58,19.24,0.66,1,1,1,1,1,1,57.99,15.46,22.5125,67.6333333333,24.05,33,67.6333333333,281.41,nw
08/07/2015,60.9,14.17,18.29,43.16,19.24,0.74,1,1,1,1,1,1,60.9,14.17,22.8625,71.9333333333,24.05,37,71.9333333333,264.13,w
09/07/2015,57.03,13.48,18.42,39.72,19.25,0.75,1,1,1,1,1,1,57.03,13.48,23.025,66.2,24.0625,37.5,66.2,253.34,w
10/07/2015,57.38,14.49,18.53,40.04,19.28,0.7,1,1,1,1,1,1,57.38,14.49,23.1625,66.7333333333,24.1,35,66.7333333333,263.02,w
11/07/2015,61.22,16.07,18.99,43.44,19.28,0.64,1,1,1,1,1,1,61.22,16.07,23.7375,72.4,24.1,32,72.4,260.91,w
12/07/2015,55.95,16.25,18.64,38.77,19.38,0.62,1,1,1,1,1,1,55.95,16.25,23.3,64.6166666667,24.225,31,64.6166666667,255.29,w
13/07/2015,56.68,15.45,19.09,39.41,19.31,0.66,1,1,1,1,1,1,56.68,15.45,23.8625,65.6833333333,24.1375,33,65.6833333333,261.6,w
14/07/2015,58.59,15.04,19.2,41.11,19.26,0.67,1,1,1,1,1,1,58.59,15.04,24,68.5166666667,24.075,33.5,68.5166666667,228.9,w
15/07/2015,59.91,15.82,19.41,42.28,19.31,0.64,1,1,1,1,1,1,59.91,15.82,24.2625,70.4666666667,24.1375,32,70.4666666667,246.46,w
16/07/2015,64.12,16.88,19.7,46.01,19.41,0.61,1,1,1,1,1,1,64.12,16.88,24.625,76.6833333333,24.2625,30.5,76.6833333333,253.38,w
17/07/2015,55.88,15.4,19.83,38.71,19.37,0.66,1,1,1,1,1,1,55.88,15.4,24.7875,64.5166666667,24.2125,33,64.5166666667,260.18,w
18/07/2015,55.7,15.77,20.19,38.55,19.4,0.64,1,1,1,1,1,1,55.7,15.77,25.2375,64.25,24.25,32,64.25,275.95,nw
19/07/2015,55.33,17.78,20.42,38.22,19.66,0.57,1,1,1,1,1,1,55.33,17.78,25.525,63.7,24.575,28.5,63.7,257.57,w
20/07/2015,54.83,16.77,20.82,37.78,20.2,0.61,1,1,1,1,1,1,54.83,16.77,26.025,62.9666666667,25.25,30.5,62.9666666667,270.41,nw
21/07/2015,59.75,17.44,21.17,36.3,22.5,0.59,1,1,1,1,1,1,59.75,17.44,26.4625,60.5,28.125,29.5,60.5,247.52,w
22/07/2015,67.7,16.82,21.34,37.09,27.6,0.62,1,1,1,1,1,1,67.7,16.82,26.675,61.8166666667,34.5,31,67.7,251.01,w
23/07/2015,67.66,14.68,21.3,37.21,19.85,0.71,1,1,1,1,1,1,67.66,14.68,26.625,62.0166666667,24.8125,35.5,67.66,236.51,w
24/07/2015,67.47,16.09,21.45,36.85,19.92,0.65,1,1,1,1,1,1,67.47,16.09,26.8125,61.4166666667,24.9,32.5,67.47,259.49,w
25/07/2015,65.58,14.89,21.43,38.38,19.92,0.7,1,1,1,1,1,1,65.58,14.89,26.7875,63.9666666667,24.9,35,65.58,269.17,w
26/07/2015,64.44,14.43,21.37,37.46,19.82,0.7,1,1,1,1,1,1,64.44,14.43,26.7125,62.4333333333,24.775,35,64.44,278.78,nw
27/07/2015,66.04,14.11,21.49,36.05,19.69,0.72,1,1,1,1,1,1,66.04,14.11,26.8625,60.0833333333,24.6125,36,66.04,268.98,w
28/07/2015,66.57,14.94,21.49,36.25,19.71,0.68,1,1,1,1,1,1,66.57,14.94,26.8625,60.4166666667,24.6375,34,66.57,263.91,w
29/07/2015,66.58,17.21,21.49,36.14,19.98,0.6,1,1,1,1,1,1,66.58,17.21,26.8625,60.2333333333,24.975,30,66.58,273.59,nw
30/07/2015,66.35,16.32,21.72,38.44,30.17,0.67,1,1,1,1,1,1,66.35,16.32,27.15,64.0666666667,37.7125,33.5,66.35,266.61,w
31/07/2015,65.18,13.22,21.97,38.36,27.47,0.78,1,1,1,1,1,1,65.18,13.22,27.4625,63.9333333333,34.3375,39,65.18,226.67,w
01/08/2015,64.65,12.62,21.75,37.89,19.74,0.8,1,1,1,1,1,1,64.65,12.62,27.1875,63.15,24.675,40,64.65,269.82,w
02/08/2015,64.38,13.14,21.84,39.52,19.89,0.77,1,1,1,1,1,1,64.38,13.14,27.3,65.8666666667,24.8625,38.5,65.8666666667,264.89,w
03/08/2015,64,13.16,21.97,38.23,20.12,0.77,1,1,1,1,1,1,64,13.16,27.4625,63.7166666667,25.15,38.5,64,228.84,w
04/08/2015,64.18,14.26,21.93,38.53,19.93,0.71,1,1,1,1,1,1,64.18,14.26,27.4125,64.2166666667,24.9125,35.5,64.2166666667,234.7,w
05/08/2015,65.3,13.35,22.04,38.16,19.97,0.76,1,1,1,1,1,1,65.3,13.35,27.55,63.6,24.9625,38,65.3,254.74,w
06/08/2015,66.1,12.44,22.97,40.14,23.48,0.8,1,1,1,1,1,1,66.1,12.44,28.7125,66.9,29.35,40,66.9,267.4,w
07/08/2015,66,12.7,22.83,50.8,19.18,0.79,1,1,1,1,1,1,66,12.7,28.5375,84.6666666667,23.975,39.5,84.6666666667,297.5,nw
08/08/2015,66.31,12.82,22.87,44.36,19.09,0.79,1,1,1,1,1,1,66.31,12.82,28.5875,73.9333333333,23.8625,39.5,73.9333333333,293.94,nw
09/08/2015,67.69,12.06,23.23,52.17,19.1,0.84,1,1,1,1,1,1,67.69,12.06,29.0375,86.95,23.875,42,86.95,165.86,s
10/08/2015,65.46,11.64,25.21,42.8,20.68,0.88,1,1,1,1,1,1,65.46,11.64,31.5125,71.3333333333,25.85,44,71.3333333333,185.4,sw
11/08/2015,57.68,12.17,27.59,24.81,17.96,0.85,1,1,1,1,1,1,57.68,12.17,34.4875,41.35,22.45,42.5,57.68,149.25,s
12/08/2015,56.84,12.23,28.58,23.68,20.08,0.82,1,1,1,1,1,1,56.84,12.23,35.725,39.4666666667,25.1,41,56.84,102.38,se
13/08/2015,50.42,12.05,48.93,19.46,29.99,0.84,1,1,1,1,1,1,50.42,12.05,61.1625,32.4333333333,37.4875,42,61.1625,274.13,nw
14/08/2015,48.41,12.08,62.73,21.69,49.9,0.85,1,1,1,1,1,1,48.41,12.08,78.4125,36.15,62.375,42.5,78.4125,261.4,w
15/08/2015,44.37,12.17,16.28,20.01,64.73,0.85,1,1,1,1,1,1,44.37,12.17,20.35,33.35,80.9125,42.5,80.9125,289.25,nw
16/08/2015,43.99,12.55,16.18,20.75,69.54,0.82,1,1,1,1,1,1,43.99,12.55,20.225,34.5833333333,86.925,41,86.925,302.67,nw
17/08/2015,45,12.09,17.05,26.1,104.72,0.87,1,1,1,1,1,1,45,12.09,21.3125,43.5,124.72,43.5,124.72,105,se
18/08/2015,44.49,12.36,18.28,27.12,56.03,0.85,1,1,1,1,1,1,44.49,12.36,22.85,45.2,70.0375,42.5,70.0375,244.4,w
19/08/2015,47.94,13.14,18.49,30.27,48.41,0.8,1,1,1,1,1,1,47.94,13.14,23.1125,50.45,60.5125,40,60.5125,206.89,sw
20/08/2015,58.2,14.8,18.37,48.28,31.57,0.82,1,1,1,1,1,1,58.2,14.8,22.9625,80.4666666667,39.4625,41,80.4666666667,237.5,w
21/08/2015,61.47,12.27,18.46,42.29,30.99,0.89,1,1,1,1,1,1,61.47,12.27,23.075,70.4833333333,38.7375,44.5,70.4833333333,247.49,w
22/08/2015,61.36,12.97,18.45,32.62,35.1,0.8,1,1,1,1,1,1,61.36,12.97,23.0625,54.3666666667,43.875,40,61.36,235.53,w
23/08/2015,61.1,13.37,18.62,34.83,35.81,0.77,1,1,1,1,1,1,61.1,13.37,23.275,58.05,44.7625,38.5,61.1,232.99,w
24/08/2015,61.72,13.31,18.45,34.5,34.09,0.78,1,1,1,1,1,1,61.72,13.31,23.0625,57.5,42.6125,39,61.72,238.73,w
25/08/2015,63.41,12.94,18.64,38.19,57.97,0.8,1,1,1,1,1,1,63.41,12.94,23.3,63.65,72.4625,40,72.4625,215.9,sw
26/08/2015,61.1,14.56,18.31,34.74,23.66,0.71,1,1,1,1,1,1,61.1,14.56,22.8875,57.9,29.575,35.5,61.1,176.24,s
27/08/2015,64.5,16.69,18.41,40.89,14.33,0.65,1,1,1,1,1,1,64.5,16.69,23.0125,68.15,17.9125,32.5,68.15,203.73,sw
28/08/2015,68.19,14.79,19.77,31.94,102.9,0.77,1,1,1,1,1,1,68.19,14.79,24.7125,53.2333333333,122.9,38.5,122.9,173.04,s
29/08/2015,59.66,13.08,19.28,36.08,65.62,0.79,1,1,1,1,1,1,59.66,13.08,24.1,60.1333333333,82.025,39.5,82.025,181.62,sw
30/08/2015,60.02,12.56,18.87,29.66,58.91,0.81,1,1,1,1,1,1,60.02,12.56,23.5875,49.4333333333,73.6375,40.5,73.6375,162.64,s
31/08/2015,55.95,13.01,19.27,34.89,53.79,0.78,1,1,1,1,1,1,55.95,13.01,24.0875,58.15,67.2375,39,67.2375,215.12,sw
01/09/2015,47.91,40.31,19.2,35.17,38.97,0.65,1,1,1,1,1,1,47.91,40.31,24,58.6166666667,48.7125,32.5,58.6166666667,215.76,sw
02/09/2015,49.91,19.52,19.28,34.41,45.65,0.57,1,1,1,1,1,1,49.91,19.52,24.1,57.35,57.0625,28.5,57.35,207.07,sw
03/09/2015,53.48,16.2,19.53,39.29,51.82,0.64,1,1,1,1,1,1,53.48,16.2,24.4125,65.4833333333,64.775,32,65.4833333333,219.16,sw
04/09/2015,58.74,17.93,20.04,41.98,54.21,0.58,1,1,1,1,1,1,58.74,17.93,25.05,69.9666666667,67.7625,29,69.9666666667,138.86,s
05/09/2015,65.1,18.13,19.92,36.25,50.64,0.57,1,1,1,1,1,1,65.1,18.13,24.9,60.4166666667,63.3,28.5,65.1,80.19,e
06/09/2015,65.04,17.35,19.85,31.4,40.27,0.59,1,1,1,1,1,1,65.04,17.35,24.8125,52.3333333333,50.3375,29.5,65.04,116.64,se
07/09/2015,60.7,19.26,19.78,31.15,33.2,0.54,1,1,1,1,1,1,60.7,19.26,24.725,51.9166666667,41.5,27,60.7,166.49,s
08/09/2015,60.72,21.81,20.16,41.51,53.53,0.5,1,1,1,1,1,1,60.72,21.81,25.2,69.1833333333,66.9125,25,69.1833333333,162.22,s
09/09/2015,61.69,16.78,20.11,34.19,49.55,0.53,1,1,1,1,1,1,61.69,16.78,25.1375,56.9833333333,61.9375,26.5,61.9375,217.84,sw
10/09/2015,62.95,15.89,20.67,38.17,69.13,0.64,1,1,1,1,1,1,62.95,15.89,25.8375,63.6166666667,86.4125,32,86.4125,208.33,sw
11/09/2015,62.63,19.61,20.83,48.16,64.76,0.62,1,1,1,1,1,1,62.63,19.61,26.0375,80.2666666667,80.95,31,80.95,213.01,sw
12/09/2015,59.96,17.49,20.56,40.09,53.76,0.77,1,1,1,1,1,1,59.96,17.49,25.7,66.8166666667,67.2,38.5,67.2,186.56,sw
13/09/2015,60.39,17.31,20.55,39.44,49.71,0.78,1,1,1,1,1,1,60.39,17.31,25.6875,65.7333333333,62.1375,39,65.7333333333,153.33,s
14/09/2015,59.47,16.61,21.81,34.2,34.48,0.81,1,1,1,1,1,1,59.47,16.61,27.2625,57,43.1,40.5,59.47,155.79,s
15/09/2015,57.48,18.98,24.69,29.04,24.86,0.72,1,1,1,1,1,1,57.48,18.98,30.8625,48.4,31.075,36,57.48,133.06,se
16/09/2015,59.51,15.35,24.84,33.98,38.05,0.86,1,1,1,1,1,1,59.51,15.35,31.05,56.6333333333,47.5625,43,59.51,113.99,se
17/09/2015,59.76,16.21,24.35,31.03,10.69,0.81,1,1,1,1,1,1,59.76,16.21,30.4375,51.7166666667,13.3625,40.5,59.76,126.13,se
18/09/2015,61.75,16.79,24.37,32.31,10.84,0.78,1,1,1,1,1,1,61.75,16.79,30.4625,53.85,13.55,39,61.75,258.91,w
19/09/2015,62.91,17.74,24.66,35.21,14.01,0.74,1,1,1,1,1,1,62.91,17.74,30.825,58.6833333333,17.5125,37,62.91,296.56,nw
20/09/2015,63.54,16.47,24.66,32.7,28.25,0.82,1,1,1,1,1,1,63.54,16.47,30.825,54.5,35.3125,41,63.54,167.45,s
21/09/2015,61.72,15.85,24.82,33.34,18.52,0.82,1,1,1,1,1,1,61.72,15.85,31.025,55.5666666667,23.15,41,61.72,246.23,w
22/09/2015,64.57,15.37,25.1,41.65,29.66,0.86,1,1,1,1,1,1,64.57,15.37,31.375,69.4166666667,37.075,43,69.4166666667,193.9,sw
23/09/2015,65.12,15.24,25.59,45.57,36.33,0.87,1,1,1,1,1,1,65.12,15.24,31.9875,75.95,45.4125,43.5,75.95,200.91,sw
24/09/2015,64.64,16.9,25.93,48.76,40.06,0.78,1,1,1,1,1,1,64.64,16.9,32.4125,81.2666666667,50.075,39,81.2666666667,193.16,sw
25/09/2015,64.81,17.6,26.36,50.18,56.53,0.75,1,1,1,1,1,1,64.81,17.6,32.95,83.6333333333,70.6625,37.5,83.6333333333,100.49,se
26/09/2015,64.46,19.4,26.49,49.43,65.11,0.72,1,1,1,1,1,1,64.46,19.4,33.1125,82.3833333333,81.3875,36,82.3833333333,181.29,sw
27/09/2015,62.34,19.39,26.4,47.03,56.5,0.71,1,1,1,1,1,1,62.34,19.39,33,78.3833333333,70.625,35.5,78.3833333333,107.98,se
28/09/2015,71.5,23.61,26.41,54.76,57.76,0.69,1,1,1,1,1,1,71.5,23.61,33.0125,91.2666666667,72.2,34.5,91.2666666667,161.67,s
29/09/2015,86.25,26.51,27.03,70.78,70.25,0.8,1,1,1,1,1,1,86.25,26.51,33.7875,135.9333333333,87.8125,40,135.9333333333,111.91,se
30/09/2015,85.96,21.64,27.45,69.39,95.6,0.92,1,1,1,1,1,1,85.96,21.64,34.3125,131.3,115.6,46,131.3,167.25,s
01/10/2015,92,27.06,27.66,83.1,94.03,0.79,1,1,1,1,1,1,92,27.06,34.575,177,114.03,39.5,177,167.97,s
02/10/2015,81.19,24.28,26.95,59.13,59.07,0.91,1,1,1,1,1,1,81.19,24.28,33.6875,98.55,73.8375,45.5,98.55,159.2,s
03/10/2015,72.3,17.19,26.89,38.56,43.94,1.1,1,1,1,1,1,1,72.3,17.19,33.6125,64.2666666667,54.925,55,72.3,227.88,w
04/10/2015,76.57,22.03,27.27,47.85,56.66,0.95,1,1,1,1,1,1,76.57,22.03,34.0875,79.75,70.825,47.5,79.75,151.17,s
05/10/2015,79.93,19.91,27.71,54.93,67.31,0.99,1,1,1,1,1,1,79.93,19.91,34.6375,91.55,84.1375,49.5,91.55,146.59,s
06/10/2015,90.14,37.19,28.42,77.5,81.72,0.72,1,1,1,1,1,1,90.14,37.19,35.525,158.3333333333,101.72,36,158.3333333333,129.72,se
07/10/2015,94.47,35.1,29.09,86.44,103.64,0.6,1,1,1,1,1,1,94.47,35.1,36.3625,188.1333333333,123.64,30,188.1333333333,103.41,se
08/10/2015,97.11,31.68,29.08,92.57,80.59,0.64,1,1,1,1,1,1,97.11,31.68,36.35,208.5666666667,100.59,32,208.5666666667,126.12,se
09/10/2015,75.09,22.13,27.43,44.14,34.14,0.86,1,1,1,1,1,1,75.09,22.13,34.2875,73.5666666667,42.675,43,75.09,181.97,sw
10/10/2015,73.8,18.61,27.58,40.89,34.62,1.04,1,1,1,1,1,1,73.8,18.61,34.475,68.15,43.275,52,73.8,224.93,sw
11/10/2015,75.8,18.11,27.9,45,46.17,1.06,1,1,1,1,1,1,75.8,18.11,34.875,75,57.7125,53,75.8,191.69,sw
12/10/2015,78.28,19.41,28.18,50.3,42.88,1,1,1,1,1,1,1,78.28,19.41,35.225,83.8333333333,53.6,50,83.8333333333,106.33,se
13/10/2015,86.09,24.63,29.15,66.85,61.73,0.82,1,1,1,1,1,1,86.09,24.63,36.4375,122.8333333333,77.1625,41,122.8333333333,99.62,se
14/10/2015,91.08,28.41,29.46,77.92,74.6,0.78,1,1,1,1,1,1,91.08,28.41,36.825,159.7333333333,93.25,39,159.7333333333,110.76,se
15/10/2015,101.46,28.91,30.17,99.71,109.35,0.73,1,1,1,1,1,1,100.9733333333,28.91,37.7125,232.3666666667,129.35,36.5,232.3666666667,126.45,se
16/10/2015,92.79,25.39,30.08,80.87,107.23,0.84,1,1,1,1,1,1,92.79,25.39,37.6,169.5666666667,127.23,42,169.5666666667,144.24,s
17/10/2015,94.09,29.89,29.3,85.19,70.75,0.77,1,1,1,1,1,1,94.09,29.89,36.625,183.9666666667,88.4375,38.5,183.9666666667,160.57,s
18/10/2015,96.67,24.5,29.11,91.53,68.04,0.85,1,1,1,1,1,1,96.67,24.5,36.3875,205.1,85.05,42.5,205.1,149.3,s
19/10/2015,94.03,30.67,29.5,80.74,79.09,0.76,1,1,1,1,1,1,94.03,30.67,36.875,169.1333333333,98.8625,38,169.1333333333,176.01,s
20/10/2015,106.3,29.72,30.74,91.82,125.32,0.77,1,1,1,1,1,1,104.2,29.72,38.425,206.0666666667,145.32,38.5,206.0666666667,157.47,s
21/10/2015,116.68,33.17,32.56,104.98,106.6,0.71,1,1,1,1,1,1,111.12,33.17,40.7,249.9333333333,126.6,35.5,249.9333333333,189.7,sw
22/10/2015,125.28,32.88,46.79,108.59,96.98,0.65,1,1,1,1,1,1,116.8533333333,32.88,58.4875,261.9666666667,116.98,32.5,261.9666666667,167.8,s
23/10/2015,106.72,33.53,53.84,78.95,82.06,0.77,1,1,1,1,1,1,104.48,33.53,67.3,163.1666666667,102.06,38.5,163.1666666667,135.18,s
24/10/2015,80.9,38.75,44.06,46.65,98.04,0.86,1,1,1,1,1,1,80.9,38.75,55.075,77.75,118.04,43,118.04,105.83,se
25/10/2015,83.72,26.83,31.27,63.33,77.73,0.67,1,1,1,1,1,1,83.72,26.83,39.0875,111.1,97.1625,33.5,111.1,142.13,s
26/10/2015,77.08,29.96,31.66,54.01,83.96,0.67,1,1,1,1,1,1,77.08,29.96,39.575,90.0166666667,103.96,33.5,103.96,130.52,se
27/10/2015,77.29,34.28,31.08,52.28,83.62,0.68,1,1,1,1,1,1,77.29,34.28,38.85,87.1333333333,103.62,34,103.62,139.17,s
28/10/2015,71.65,33.46,32.07,55.28,106.11,0.66,1,1,1,1,1,1,71.65,33.46,40.0875,92.1333333333,126.11,33,126.11,192.05,sw
29/10/2015,74.54,22.83,34.42,59.42,137.69,0.65,1,1,1,1,1,1,74.54,22.83,43.025,99.0333333333,157.69,32.5,157.69,157.81,s
30/10/2015,67.62,34.49,32.94,47.73,98.4,0.64,1,1,1,1,1,1,67.62,34.49,41.175,79.55,118.4,32,118.4,230.02,w
31/10/2015,143.38,29.57,33.72,166.03,101.78,0.63,1,1,1,1,1,1,128.92,29.57,42.15,335.4076923077,121.78,31.5,335.4076923077,145.19,s
01/11/2015,73.56,30.19,34.39,56.75,93.28,0.61,1,1,1,1,1,1,73.56,30.19,42.9875,94.5833333333,113.28,30.5,113.28,129.46,se
02/11/2015,67.7,36.43,34.47,44.87,102.47,0.61,1,1,1,1,1,1,67.7,36.43,43.0875,74.7833333333,122.47,30.5,122.47,134.45,se
03/11/2015,60.97,35.47,33.8,36.83,135.51,0.62,1,1,1,1,1,1,60.97,35.47,42.25,61.3833333333,155.51,31,155.51,147.33,s
04/11/2015,73.37,37.06,34.14,51.7,154.07,0.62,1,1,1,1,1,1,73.37,37.06,42.675,86.1666666667,174.07,31,174.07,123.6,se
05/11/2015,84.04,36.49,33.31,64.55,128.05,0.63,1,1,1,1,1,1,84.04,36.49,41.6375,115.1666666667,148.05,31.5,148.05,177.91,s
06/11/2015,75.2,29.38,33.86,53.8,142.82,0.62,1,1,1,1,1,1,75.2,29.38,42.325,89.6666666667,162.82,31,162.82,152.09,s
07/11/2015,63.99,26.18,34.34,40.21,146.73,0.72,1,1,1,1,1,1,63.99,26.18,42.925,67.0166666667,166.73,36,166.73,222.55,sw
08/11/2015,71.35,35.78,35.26,49.27,133.95,0.8,1,1,1,1,1,1,71.35,35.78,44.075,82.1166666667,153.95,40,153.95,168.42,s
09/11/2015,81.65,30.48,35.43,61.7,157.22,0.97,1,1,1,1,1,1,81.65,30.48,44.2875,105.6666666667,177.22,48.5,177.22,155.09,s
10/11/2015,107.94,23.96,36.09,83.03,151.42,1.31,1,1,1,1,1,1,105.2933333333,23.96,45.1125,176.7666666667,171.42,65.5,176.7666666667,156.7,s
11/11/2015,183.72,24.74,36.36,114.97,124.26,1.17,1,1,1,1,1,1,155.8133333333,24.74,45.45,283.2333333333,144.26,58.5,283.2333333333,159.24,s
12/11/2015,162.84,26.01,35.71,76.98,111.23,0.83,1,1,1,1,1,1,141.8933333333,26.01,44.6375,156.6,131.23,41.5,156.6,132.43,se
13/11/2015,178.99,31.07,35.34,85.78,108.62,1.08,1,1,1,1,1,1,152.66,31.07,44.175,185.9333333333,128.62,54,185.9333333333,183.86,sw
14/11/2015,152.2,31.01,35.7,71.03,118.45,1.04,1,1,1,1,1,1,134.8,31.01,44.625,136.7666666667,138.45,52,138.45,197.72,sw
15/11/2015,135.95,29.88,35.5,51.81,127.17,1.13,1,1,1,1,1,1,123.9666666667,29.88,44.375,86.35,147.17,56.5,147.17,153.68,s
16/11/2015,137.49,29.63,36.07,55.61,126.7,1.15,1,1,1,1,1,1,124.9933333333,29.63,45.0875,92.6833333333,146.7,57.5,146.7,147.65,s
17/11/2015,113.36,32.24,36.19,46.22,122.19,1.03,1,1,1,1,1,1,108.9066666667,32.24,45.2375,77.0333333333,142.19,51.5,142.19,203.66,sw
18/11/2015,127.54,20.78,38.92,52.41,159.68,1.21,1,1,1,1,1,1,118.36,20.78,48.65,87.35,179.68,60.5,179.68,149.57,s
19/11/2015,144.95,18.02,38.36,64.1,166.98,1.41,1,1,1,1,1,1,129.9666666667,18.02,47.95,113.6666666667,186.98,70.5,186.98,151.37,s
20/11/2015,118.4,29.88,36.89,43.16,134.59,5.74,1,1,1,1,1,1,112.2666666667,29.88,46.1125,71.9333333333,154.59,146.75,154.59,166.5,s
21/11/2015,115.92,22.17,36.73,43.14,141.29,1.03,1,1,1,1,1,1,110.6133333333,22.17,45.9125,71.9,161.29,51.5,161.29,109.54,se
22/11/2015,72.11,21.29,34.88,32.44,185.14,0.72,1,1,1,1,1,1,72.11,21.29,43.6,54.0666666667,205.14,36,205.14,116.45,se
23/11/2015,74.06,24.69,34.57,33.68,129.95,0.73,1,1,1,1,1,1,74.06,24.69,43.2125,56.1333333333,149.95,36.5,149.95,158.69,s
24/11/2015,66.88,22.27,34.73,28.52,118.25,1.42,1,1,1,1,1,1,66.88,22.27,43.4125,47.5333333333,138.25,71,138.25,143,s
25/11/2015,98.49,25.93,34.72,42.11,134.14,0.62,1,1,1,1,1,1,98.49,25.93,43.4,70.1833333333,154.14,31,154.14,124.35,se
26/11/2015,177.52,28.99,36.01,77.97,178.24,1.13,1,1,1,1,1,1,151.68,28.99,45.0125,159.9,198.24,56.5,198.24,59.96,e
27/11/2015,150.92,34.06,36.46,66.18,98.67,1.34,1,1,1,1,1,1,133.9466666667,34.06,45.575,120.6,118.67,67,133.9466666667,84.28,e
28/11/2015,109.32,32.03,37.66,44.03,92.51,1.55,1,1,1,1,1,1,106.2133333333,32.03,47.075,73.3833333333,112.51,77.5,112.51,142.94,s
29/11/2015,136.85,37.88,38.39,53.48,127.54,1.92,1,1,1,1,1,1,124.5666666667,37.88,47.9875,89.1333333333,147.54,96,147.54,140.09,s
30/11/2015,151.04,33.91,38.19,66.11,89.99,1.89,1,1,1,1,1,1,134.0266666667,33.91,47.7375,120.3666666667,109.99,94.5,134.0266666667,153.92,s
01/12/2015,137.4,35.2,38.06,58.93,86.42,1.79,1,1,1,1,1,1,124.9333333333,35.2,47.575,98.2166666667,106.42,89.5,124.9333333333,80.22,e
02/12/2015,168.94,42.03,38.05,80.19,87.14,1.93,1,1,1,1,1,1,145.96,42.03,47.5625,167.3,107.14,96.5,167.3,92.56,se
03/12/2015,133.07,40.07,36.44,60.93,84.06,1.8,1,1,1,1,1,1,122.0466666667,40.07,45.55,103.1,104.06,90,122.0466666667,112.86,se
04/12/2015,125.47,35.74,34.4,61.22,107.36,1.96,1,1,1,1,1,1,116.98,35.74,43,104.0666666667,127.36,98,127.36,118.69,se
05/12/2015,132.65,28.78,35.97,56.93,142.32,2.3,1,1,1,1,1,1,121.7666666667,28.78,44.9625,94.8833333333,162.32,103.75,162.32,128.73,se
06/12/2015,123.38,32.07,35.97,60.34,127.62,2.29,1,1,1,1,1,1,115.5866666667,32.07,44.9625,101.1333333333,147.62,103.625,147.62,137.69,s
07/12/2015,112.79,27.69,36.46,53.67,112.07,2.28,1,1,1,1,1,1,108.5266666667,27.69,45.575,89.45,132.07,103.5,132.07,150.27,s
08/12/2015,125.03,35.42,37.44,53.39,117.23,2.47,1,1,1,1,1,1,116.6866666667,35.42,46.8,88.9833333333,137.23,105.875,137.23,155.42,s
09/12/2015,145.16,36.69,39.12,87.49,131.74,2.63,1,1,1,1,1,1,130.1066666667,36.69,48.9,191.6333333333,151.74,107.875,191.6333333333,71.77,e
10/12/2015,138.54,26.31,37.06,58.85,139.68,2.52,1,1,1,1,1,1,125.6933333333,26.31,46.325,98.0833333333,159.68,106.5,159.68,91.94,se
11/12/2015,125.83,23.91,35.07,53.3,135.65,2.52,1,1,1,1,1,1,117.22,23.91,43.8375,88.8333333333,155.65,106.5,155.65,70.02,e
12/12/2015,126.04,40.49,39.64,55.11,123.85,2.59,1,1,1,1,1,1,117.36,40.49,49.55,91.85,143.85,107.375,143.85,70.96,e
13/12/2015,117.25,45.25,43.53,53.29,118.84,2.68,1,1,1,1,1,1,111.5,45.25,54.4125,88.8166666667,138.84,108.5,138.84,68.17,e
14/12/2015,151.01,39.86,41.53,64.94,114.72,2.95,1,1,1,1,1,1,134.0066666667,39.86,51.9125,116.4666666667,134.72,111.875,134.72,93.33,se
15/12/2015,157.35,32.59,39.95,70.41,98.17,3.02,1,1,1,1,1,1,138.2333333333,32.59,49.9375,134.7,118.17,112.75,138.2333333333,73.08,e
16/12/2015,170.09,38.25,37.56,75.69,94.97,3.06,1,1,1,1,1,1,146.7266666667,38.25,46.95,152.3,114.97,113.25,152.3,59.34,e
17/12/2015,108.59,40.6,40.62,53.19,112.09,2.92,1,1,1,1,1,1,105.7266666667,40.6,50.775,88.65,132.09,111.5,132.09,117.04,se
18/12/2015,119.98,31.99,43.92,54.81,101.18,3.17,1,1,1,1,1,1,113.32,31.99,54.9,91.35,121.18,114.625,121.18,151.51,s
19/12/2015,173.12,28.76,44.66,79.32,101.55,3.64,1,1,1,1,1,1,148.7466666667,28.76,55.825,164.4,121.55,120.5,164.4,87.44,e
20/12/2015,213.98,34.74,39.88,92.36,101.83,3.69,1,1,1,1,1,1,175.9866666667,34.74,49.85,207.8666666667,121.83,121.125,207.8666666667,76.4,e
21/12/2015,121.59,44.91,41.73,57.61,90.45,3.2,1,1,1,1,1,1,114.3933333333,44.91,52.1625,96.0166666667,110.45,115,115,75.86,e
22/12/2015,101.3,43.38,48.07,48.51,85.64,1.89,1,1,1,1,1,1,100.8666666667,43.38,60.0875,80.85,105.64,94.5,105.64,55.3,e
23/12/2015,142.81,46.04,6.66,68.61,101.09,0.99,1,1,1,1,1,1,128.54,46.04,8.325,128.7,121.09,49.5,128.7,113.58,se
24/12/2015,124.23,28.12,5.84,57.28,94.18,0.99,1,1,1,1,1,1,116.1533333333,28.12,7.3,95.4666666667,114.18,49.5,116.1533333333,159.69,s
25/12/2015,104.75,28.69,7.64,46.84,74.99,0.91,1,1,1,1,1,1,103.1666666667,28.69,9.55,78.0666666667,93.7375,45.5,103.1666666667,172.79,s
26/12/2015,124.67,24.62,8.91,68.97,70.63,1.26,1,1,1,1,1,1,116.4466666667,24.62,11.1375,129.9,88.2875,63,129.9,174.29,s
27/12/2015,148.96,30.59,12.58,77.35,86.06,1.35,1,1,1,1,1,1,132.64,30.59,15.725,157.8333333333,106.06,67.5,157.8333333333,110.14,se
28/12/2015,144.35,32.54,10.44,71.04,87.68,1.59,1,1,1,1,1,1,129.5666666667,32.54,13.05,136.8,107.68,79.5,136.8,133.03,se
29/12/2015,173.21,26.14,18.35,75.51,95.21,2.1,1,1,1,1,1,1,148.8066666667,26.14,22.9375,151.7,115.21,101.25,151.7,160.82,s
30/12/2015,195.58,32.78,17.72,78.55,117.36,2.71,1,1,1,1,1,1,163.72,32.78,22.15,161.8333333333,137.36,108.875,163.72,147.83,s
31/12/2015,186.88,29.47,11.33,78.64,61.7,2.58,1,1,1,1,1,1,157.92,29.47,14.1625,162.1333333333,77.125,107.25,162.1333333333,156.58,s
