POINT_A,POINT_B,ROAD_EST,RAIL_EST,PROB_ROAD,PROB_RAIL,PROB_TRAVEL,TRAVEL_FREQ
AGRIPADA,THANE,27.6,99.3072662,0.22695614,0.004384725,0.00099514,9.951402
AGRIPADA,KURLA,27.6,97.9823088,0.22695614,0.004326224,0.000981863,9.818631
AGRIPADA,FORT,27.6,94.07734394,0.22695614,0.004153808,0.000942732,9.427321
AGRIPADA,GHATKOPAR WEST,27.6,82.57883503,0.22695614,0.003646113,0.000827508,8.275076
AGRIPADA,DADAR,27.6,68.32838387,0.22695614,0.003016911,0.000684706,6.847064
AGRIPADA,COLABA,27.6,63.88887912,0.22695614,0.002820893,0.000640219,6.40219
AGRIPADA,NAGPADA,27.6,58.84226393,0.22695614,0.002598069,0.000589648,5.896477
AGRIPADA,SION,27.6,51.36568006,0.22695614,0.002267955,0.000514726,5.147262
AGRIPADA,GHATKOPAR EAST,27.6,43.3259256,0.22695614,0.001912975,0.000434161,4.341613
AGRIPADA,NAGPADA,27.6,37.30103928,0.22695614,0.001646957,0.000373787,3.73787
AGRIPADA,VIKHROLI,27.6,29.12109729,0.22695614,0.001285787,0.000291817,2.918173
AGRIPADA,MALAD,12.7788,59.21254147,0.105080693,0.002614418,0.000274725,2.747249
AGRIPADA,JUHU,12.7788,56.17196554,0.105080693,0.002480167,0.000260618,2.606177
AGRIPADA,KANDIVALI WEST,12.7788,49.24984094,0.105080693,0.002174534,0.000228502,2.285015
AGRIPADA,CHURCHGATE,12.7788,44.04327731,0.105080693,0.001944648,0.000204345,2.043449
AGRIPADA,KURLA,5.9616,75.92031282,0.049022526,0.003352118,0.000164329,1.643293
AGRIPADA,CHEMBUR,5.9616,74.13538907,0.049022526,0.003273308,0.000160466,1.604658
AGRIPADA,PAREL,12.7788,33.62696431,0.105080693,0.001484735,0.000156017,1.56017
AGRIPADA,GOWANDI,5.9616,68.77316126,0.049022526,0.003036549,0.000148859,1.488593
AGRIPADA,CST,5.9616,66.8133986,0.049022526,0.00295002,0.000144617,1.446174
AGRIPADA,KHAR,12.7788,30.5483907,0.105080693,0.001348807,0.000141734,1.417335
AGRIPADA,GOREGAON WEST,12.7788,26.73346043,0.105080693,0.001180366,0.000124034,1.240336
AGRIPADA,GOWANDI,5.9616,45.70028833,0.049022526,0.00201781,9.89E-05,0.989181424
AGRIPADA,COLABA,12.7788,21.19857419,0.105080693,0.000935983,9.84E-05,0.983537455
AGRIPADA,BANDRA WEST,12.7788,21.08189183,0.105080693,0.000930831,9.78E-05,0.978123814
AGRIPADA,BANDRA EAST,12.7788,20.20009064,0.105080693,0.000891897,9.37E-05,0.937211416
AGRIPADA,BORIVALI WEST,12.7788,19.46617925,0.105080693,0.000859492,9.03E-05,0.903160572
AGRIPADA,KANDIVALI EAST,12.7788,19.07028053,0.105080693,0.000842012,8.85E-05,0.884792299
AGRIPADA,MUMBAI CENTRAL,12.7788,18.04994662,0.105080693,0.000796961,8.37E-05,0.837452481
AGRIPADA,DADAR,12.7788,17.59652755,0.105080693,0.000776942,8.16E-05,0.816415471
AGRIPADA,MULUND EAST,27.6,7.52366744,0.22695614,0.000332193,7.54E-05,0.753933171
AGRIPADA,MULUND WEST,27.6,7.52366744,0.22695614,0.000332193,7.54E-05,0.753933171
AGRIPADA,COLABA,27.6,6.363089825,0.22695614,0.00028095,6.38E-05,0.637633778
AGRIPADA,KURLA,5.9616,21.16213482,0.049022526,0.000934374,4.58E-05,0.458053799
AGRIPADA,SEWRI,5.9616,17.69766442,0.049022526,0.000781407,3.83E-05,0.383065436
AGRIPADA,SEWRI,5.9616,13.26610125,0.049022526,0.00058574,2.87E-05,0.287144379
AGRIPADA,CST,5.9616,2.068039348,0.049022526,9.13E-05,4.48E-06,0.044762652
AGRIPADA,CHEMBUR,5.9616,1.994642622,0.049022526,8.81E-05,4.32E-06,0.043173982
BANDRA EAST,BANDRA WEST,46.3,83.36190886,0.380727148,0.003680688,0.001401338,14.013377
BANDRA EAST,BORIVALI WEST,46.3,74.88873631,0.380727148,0.003306571,0.001258901,12.589013
BANDRA EAST,GOREGAON WEST,46.3,61.98136101,0.380727148,0.00273667,0.001041925,10.419246
BANDRA EAST,KANDIVALI EAST,46.3,43.34965358,0.380727148,0.001914022,0.00072872,7.287202
BANDRA EAST,KANDIVALI WEST,46.3,37.66886392,0.380727148,0.001663198,0.000633225,6.332245
BANDRA EAST,MALAD,46.3,35.06481668,0.380727148,0.001548221,0.00058945,5.894497
BANDRA EAST,COLABA,46.3,30.78981331,0.380727148,0.001359466,0.000517586,5.175856
BANDRA EAST,PAREL,46.3,28.67787525,0.380727148,0.001266218,0.000482083,4.820834
BANDRA EAST,JUHU,46.3,21.7276339,0.380727148,0.000959343,0.000365248,3.652478
BANDRA EAST,GOWANDI,2.869,25.36149811,0.023591926,0.001119789,0.000026418,0.26418
BANDRA EAST,CHEMBUR,2.869,24.9051583,0.023591926,0.00109964,2.59E-05,0.259426319
BANDRA EAST,KURLA,2.869,24.89320533,0.023591926,0.001099113,2.59E-05,0.25930181
BANDRA EAST,CST,2.869,15.30525058,0.023591926,0.000675775,1.59E-05,0.159428211
BANDRA EAST,SEWRI,2.869,11.04893531,0.023591926,0.000487845,1.15E-05,0.115092006
BANDRA EAST,KHAR,46.3,0.318650832,0.380727148,1.41E-05,5.36E-06,0.053566124
BANDRA WEST,KANDIVALI WEST,46.3,94.08478488,0.380727148,0.004154136,0.001581592,15.815924
BANDRA WEST,JUHU,46.3,52.849757,0.380727148,0.002333481,0.00088842,8.884197
BANDRA WEST,PAREL,46.3,46.2713124,0.380727148,0.002043023,0.000777834,7.778341
BANDRA WEST,COLABA,46.3,44.87629892,0.380727148,0.001981428,0.000754384,7.543835
BANDRA WEST,KHAR,46.3,41.38346196,0.380727148,0.001827209,0.000695668,6.956679
BANDRA WEST,KANDIVALI EAST,46.3,27.46400724,0.380727148,0.001212621,0.000461678,4.616779
BANDRA WEST,GOREGAON WEST,46.3,16.33410177,0.380727148,0.000721201,0.000274581,2.74581
BANDRA WEST,BORIVALI WEST,46.3,15.72072776,0.380727148,0.000694119,0.00026427,2.6427
BANDRA WEST,MALAD,46.3,5.225418997,0.380727148,0.000230719,8.78E-05,0.878408015
BANDRA WEST,CHEMBUR,2.869,39.6046551,0.023591926,0.001748669,4.13E-05,0.412544653
BANDRA WEST,CST,2.869,33.61905526,0.023591926,0.001484386,3.50E-05,0.350195235
BANDRA WEST,SEWRI,2.869,23.20129258,0.023591926,0.001024409,2.42E-05,0.241677883
BANDRA WEST,GOWANDI,2.869,20.96447704,0.023591926,0.000925647,2.18E-05,0.218377938
BANDRA WEST,KURLA,2.869,19.5276719,0.023591926,0.000862208,2.03E-05,0.203411357
BORIVALI WEST,JUHU,46.3,63.60289112,0.380727148,0.002808266,0.001069183,10.69183
BORIVALI WEST,KHAR,46.3,49.87551013,0.380727148,0.002202159,0.000838422,8.384217
BORIVALI WEST,PAREL,46.3,18.70767598,0.380727148,0.000826002,0.000314481,3.144814
BORIVALI WEST,KURLA,2.869,37.61498382,0.023591926,0.001660819,3.92E-05,0.391819103
BORIVALI WEST,GOWANDI,2.869,32.59186083,0.023591926,0.001439032,3.39E-05,0.339495392
BORIVALI WEST,CST,2.869,31.01645891,0.023591926,0.001369473,3.23E-05,0.323085108
BORIVALI WEST,CHEMBUR,2.869,23.8988436,0.023591926,0.001055208,2.49E-05,0.248943972
BORIVALI WEST,SEWRI,2.869,21.36633589,0.023591926,0.00094339,2.23E-05,0.222563929
BORIVALI WEST,COLABA,46.3,0.775213819,0.380727148,3.42E-05,1.30E-05,0.13031568
CHEMBUR,GOWANDI,26.1,55.54997632,0.214621567,0.002452704,0.000526403,5.264033
CHEMBUR,KURLA,26.1,22.73776555,0.214621567,0.001003943,0.000215468,2.154678
CHURCHGATE,PAREL,46.3,86.49670454,0.380727148,0.003819099,0.001454035,14.540346
CHURCHGATE,KHAR,46.3,84.02964014,0.380727148,0.00371017,0.001412563,14.125625
CHURCHGATE,BANDRA EAST,46.3,81.63084975,0.380727148,0.003604256,0.001372238,13.722381
CHURCHGATE,KANDIVALI WEST,46.3,77.81552852,0.380727148,0.003435798,0.001308102,13.081015
CHURCHGATE,DADAR,46.3,73.21120934,0.380727148,0.003232503,0.001230702,12.307016
CHURCHGATE,MUMBAI CENTRAL,46.3,58.02602472,0.380727148,0.00256203,0.000975434,9.754342
CHURCHGATE,COLABA,46.3,57.82283563,0.380727148,0.002553058,0.000972019,9.720186
CHURCHGATE,KANDIVALI EAST,46.3,56.4513809,0.380727148,0.002492504,0.000948964,9.48964
CHURCHGATE,BORIVALI WEST,46.3,52.7826743,0.380727148,0.002330519,0.000887292,8.87292
CHURCHGATE,MALAD,46.3,33.59243183,0.380727148,0.00148321,0.000564699,5.646985
CHURCHGATE,BANDRA WEST,46.3,25.37030997,0.380727148,0.001120178,0.000426482,4.264822
CHURCHGATE,GOREGAON WEST,46.3,21.11344556,0.380727148,0.000932224,0.000354923,3.549231
CHURCHGATE,JUHU,46.3,16.99760011,0.380727148,0.000750497,0.000285735,2.857346
CHURCHGATE,CHEMBUR,2.869,36.75128968,0.023591926,0.001622684,3.83E-05,0.382822373
CHURCHGATE,KURLA,2.869,30.31234924,0.023591926,0.001338385,3.16E-05,0.315750701
CHURCHGATE,SEWRI,2.869,25.6773151,0.023591926,0.001133733,0.000026747,0.26747
CHURCHGATE,CST,2.869,22.60580213,0.023591926,0.000998117,2.35E-05,0.235474915
CHURCHGATE,GOWANDI,2.869,21.70721981,0.023591926,0.000958441,2.26E-05,0.22611477
COLABA,MUMBAI CENTRAL,12.7788,57.878308,0.105080693,0.002555507,0.000268535,2.685345
COLABA,GOREGAON WEST,12.7788,51.54391929,0.105080693,0.002275825,0.000239145,2.391452
COLABA,BORIVALI WEST,12.7788,45.46160013,0.105080693,0.002007271,0.000210925,2.109254
COLABA,KANDIVALI WEST,12.7788,44.39572351,0.105080693,0.001960209,0.00020598,2.059802
COLABA,CHURCHGATE,12.7788,42.07722431,0.105080693,0.00185784,0.000195223,1.952232
COLABA,JUHU,12.7788,36.75454375,0.105080693,0.001622828,0.000170528,1.705278
COLABA,KHAR,12.7788,35.7269317,0.105080693,0.001577455,0.00016576,1.657601
COLABA,GOWANDI,5.9616,62.61120684,0.049022526,0.00276448,0.000135522,1.355218
COLABA,CHEMBUR,5.9616,62.51177716,0.049022526,0.00276009,0.000135307,1.353066
COLABA,MALAD,12.7788,25.93447137,0.105080693,0.001145088,0.000120327,1.203266
COLABA,DADAR,12.7788,21.46029713,0.105080693,0.000947539,0.000099568,0.99568
COLABA,CST,5.9616,44.94822951,0.049022526,0.001984604,9.73E-05,0.972903133
COLABA,BANDRA EAST,12.7788,20.79771779,0.105080693,0.000918284,9.65E-05,0.964939163
COLABA,BANDRA WEST,12.7788,17.41766615,0.105080693,0.000769044,8.08E-05,0.808116946
COLABA,KANDIVALI EAST,12.7788,12.90741581,0.105080693,0.000569903,5.99E-05,0.598857583
COLABA,SEWRI,5.9616,23.78729037,0.049022526,0.001050283,5.15E-05,0.514875215
COLABA,KURLA,5.9616,23.6280432,0.049022526,0.001043252,5.11E-05,0.511428315
COLABA,PAREL,12.7788,9.578732203,0.105080693,0.000422931,4.44E-05,0.444418658
COLABA,KURLA,2.869,39.55059469,0.023591926,0.001746282,4.12E-05,0.411981529
COLABA,GOWANDI,2.869,33.54620061,0.023591926,0.001481169,3.49E-05,0.349436339
COLABA,CHEMBUR,2.869,24.07596292,0.023591926,0.001063029,2.51E-05,0.250788948
COLABA,SEWRI,2.869,14.3349223,0.023591926,0.000632931,1.49E-05,0.149320718
COLABA,CST,2.869,11.47157928,0.023591926,0.000506506,1.19E-05,0.119494506
CST,THANE,27.6,97.23,0.22695614,0.004293007,0.000974324,9.743243
CST,VIKHROLI,27.6,91.90648035,0.22695614,0.004057957,0.000920978,9.209783
CST,CHEMBUR,26.1,94.2054125,0.214621567,0.004159462,0.00089271,8.927103
CST,GHATKOPAR EAST,27.6,87.95691971,0.22695614,0.003883572,0.000881401,8.814005
CST,NAGPADA,27.6,87.85002311,0.22695614,0.003878852,0.000880329,8.803293
CST,KURLA,27.6,83.83047339,0.22695614,0.003701376,0.00084005,8.400501
CST,COLABA,27.6,83.40579269,0.22695614,0.003682625,0.000835794,8.357944
CST,DADAR,27.6,78.84112964,0.22695614,0.003481081,0.000790053,7.900528
CST,KURLA,26.1,81.6664902,0.214621567,0.00360583,0.000773889,7.738888
CST,MULUND WEST,27.6,61.43421817,0.22695614,0.002712512,0.000615621,6.156212
CST,FORT,27.6,51.49753329,0.22695614,0.002273776,0.000516048,5.160475
CST,AGRIPADA,27.6,41.68795072,0.22695614,0.001840653,0.000417748,4.177475
CST,GHATKOPAR WEST,27.6,40.7877415,0.22695614,0.001800906,0.000408727,4.087266
CST,AGRIPADA,27.6,40.44681373,0.22695614,0.001785853,0.00040531,4.053102
CST,SEWRI,26.1,42.59501433,0.214621567,0.001880703,0.000403639,4.036393
CST,MULUND EAST,27.6,29.71092828,0.22695614,0.00131183,0.000297728,2.977279
CST,BANDRA EAST,12.7788,59.60439279,0.105080693,0.00263172,0.000276543,2.765429
CST,KANDIVALI EAST,12.7788,54.17590811,0.105080693,0.002392035,0.000251357,2.513567
CST,PAREL,12.7788,53.8611695,0.105080693,0.002378138,0.000249896,2.498964
CST,MALAD,12.7788,53.35061793,0.105080693,0.002355596,0.000247528,2.475276
CST,GOREGAON WEST,12.7788,51.92502404,0.105080693,0.002292651,0.000240913,2.409134
CST,NAGPADA,27.6,21.66077569,0.22695614,0.000956391,0.000217059,2.170587
CST,BANDRA WEST,12.7788,43.00173543,0.105080693,0.001898661,0.000199513,1.995126
CST,DADAR,12.7788,35.56952068,0.105080693,0.001570505,0.00016503,1.650298
CST,MUMBAI CENTRAL,12.7788,32.80643068,0.105080693,0.001448506,0.00015221,1.5221
CST,GOWANDI,26.1,15.18414251,0.214621567,0.000670427,0.000143888,1.438881
CST,COLABA,12.7788,30.25936346,0.105080693,0.001336045,0.000140393,1.403925
CST,BORIVALI WEST,12.7788,28.19119371,0.105080693,0.001244729,0.000130797,1.30797
CST,SION,27.6,13.01456012,0.22695614,0.000574633,0.000130417,1.304166
CST,JUHU,12.7788,27.24346125,0.105080693,0.001202884,0.0001264,1.263998
CST,CHURCHGATE,12.7788,26.07535096,0.105080693,0.001151308,0.00012098,1.209802
CST,CHEMBUR,5.9616,42.46781623,0.049022526,0.001875086,9.19E-05,0.919214659
CST,GOWANDI,5.9616,25.9893517,0.049022526,0.001147511,5.63E-05,0.562538769
CST,KANDIVALI WEST,12.7788,11.93897462,0.105080693,0.000527143,5.54E-05,0.553925401
CST,KHAR,12.7788,10.20178527,0.105080693,0.000450441,4.73E-05,0.473326075
CST,KURLA,5.9616,8.394645011,0.049022526,0.00037065,1.82E-05,0.181701849
CST,SEWRI,5.9616,4.406773925,0.049022526,0.000194573,9.54E-06,0.095384495
DADAR,KANDIVALI EAST,46.3,99.15887627,0.380727148,0.004378173,0.001666889,16.668893
DADAR,KHAR,46.3,97.32157809,0.380727148,0.004297051,0.001636004,16.360038
DADAR,MALAD,46.3,91.34441393,0.380727148,0.00403314,0.001535526,15.35526
DADAR,PAREL,46.3,89.25151567,0.380727148,0.003940732,0.001500344,15.003437
DADAR,BANDRA WEST,46.3,88.23791968,0.380727148,0.003895979,0.001483305,14.833049
DADAR,GOREGAON WEST,46.3,79.63585022,0.380727148,0.003516171,0.001338702,13.387016
DADAR,BANDRA EAST,46.3,64.43353395,0.380727148,0.002844941,0.001083146,10.831463
DADAR,KANDIVALI WEST,46.3,60.9042773,0.380727148,0.002689113,0.001023819,10.238185
DADAR,MULUND WEST,27.6,89.39859108,0.22695614,0.003947226,0.000895847,8.958472
DADAR,MULUND EAST,27.6,87.09715193,0.22695614,0.00384561,0.000872785,8.727849
DADAR,THANE,27.6,85.80459112,0.22695614,0.00378854,0.000859832,8.598324
DADAR,BORIVALI WEST,46.3,44.33092857,0.380727148,0.001957349,0.000745216,7.452157
DADAR,VIKHROLI,27.6,73.47213028,0.22695614,0.003244023,0.000736251,7.36251
DADAR,JUHU,46.3,42.74191402,0.380727148,0.001887189,0.000718504,7.185039
DADAR,COLABA,46.3,39.06456206,0.380727148,0.001724822,0.000656687,6.566866
DADAR,GHATKOPAR WEST,27.6,63.25644404,0.22695614,0.002792969,0.000633881,6.338814
DADAR,NAGPADA,27.6,62.74349769,0.22695614,0.002770321,0.000628741,6.287413
DADAR,AGRIPADA,27.6,57.81811133,0.22695614,0.00255285,0.000579385,5.793849
DADAR,KURLA,27.6,55.4594727,0.22695614,0.002448708,0.000555749,5.557494
DADAR,COLABA,27.6,41.69368739,0.22695614,0.001840906,0.000417805,4.178049
DADAR,SION,27.6,40.82803905,0.22695614,0.001802685,0.00040913,4.091304
DADAR,GHATKOPAR EAST,27.6,26.9368923,0.22695614,0.001189348,0.00026993,2.699297
DADAR,KANDIVALI WEST,12.7788,54.76579489,0.105080693,0.00241808,0.000254094,2.540936
DADAR,BANDRA EAST,12.7788,51.30041313,0.105080693,0.002265073,0.000238015,2.380154
DADAR,MALAD,12.7788,42.71220261,0.105080693,0.001885877,0.000198169,1.981692
DADAR,BORIVALI WEST,12.7788,38.6334294,0.105080693,0.001705786,0.000179245,1.792452
DADAR,COLABA,12.7788,37.68000246,0.105080693,0.001663689,0.000174822,1.748216
DADAR,KURLA,5.9616,69.81823542,0.049022526,0.003082692,0.000151121,1.511214
DADAR,CST,5.9616,69.57842895,0.049022526,0.003072104,0.000150602,1.506023
DADAR,JUHU,12.7788,30.89550607,0.105080693,0.001364133,0.000143344,1.43344
DADAR,MUMBAI CENTRAL,12.7788,29.15451803,0.105080693,0.001287263,0.000135267,1.352665
DADAR,SEWRI,5.9616,59.46329964,0.049022526,0.00262549,0.000128708,1.287081
DADAR,CHURCHGATE,12.7788,26.35202506,0.105080693,0.001163524,0.000122264,1.222639
DADAR,KHAR,12.7788,25.64342533,0.105080693,0.001132237,0.000118976,1.189763
DADAR,KANDIVALI EAST,12.7788,24.55582886,0.105080693,0.001084216,0.00011393,1.139302
DADAR,GOREGAON WEST,12.7788,23.73132538,0.105080693,0.001047812,0.000110105,1.101048
DADAR,GOWANDI,5.9616,48.02106843,0.049022526,0.00212028,0.000103942,1.039415
DADAR,BANDRA WEST,12.7788,13.96829479,0.105080693,0.000616744,6.48E-05,0.648078545
DADAR,PAREL,12.7788,13.00149947,0.105080693,0.000574057,6.03E-05,0.603222725
DADAR,CHEMBUR,5.9616,21.3812787,0.049022526,0.00094405,4.63E-05,0.462797162
DADAR,SEWRI,2.869,39.45285261,0.023591926,0.001741966,4.11E-05,0.410963392
DADAR,GOWANDI,2.869,30.83575668,0.023591926,0.001361495,3.21E-05,0.321202811
DADAR,CST,2.869,28.11606913,0.023591926,0.001241412,2.93E-05,0.292872996
DADAR,KURLA,2.869,21.17849437,0.023591926,0.000935096,2.21E-05,0.220607264
DADAR,CHEMBUR,2.869,18.42352509,0.023591926,0.000813456,0.000019191,0.19191
FORT,KURLA,27.6,96.59821417,0.22695614,0.004265112,0.000967993,9.679933
FORT,NAGPADA,27.6,72.79487546,0.22695614,0.00321412,0.000729464,7.294643
FORT,THANE,27.6,42.37879033,0.22695614,0.001871156,0.00042467,4.246702
FORT,COLABA,27.6,38.1394923,0.22695614,0.001683977,0.000382189,3.82189
FORT,KANDIVALI EAST,12.7788,57.87271189,0.105080693,0.00255526,0.000268509,2.685085
FORT,KHAR,12.7788,56.36673103,0.105080693,0.002488767,0.000261521,2.615213
FORT,MULUND EAST,27.6,23.93711929,0.22695614,0.001056898,0.00023987,2.398696
FORT,MULUND WEST,27.6,23.93711929,0.22695614,0.001056898,0.00023987,2.398696
FORT,JUHU,12.7788,51.65977509,0.105080693,0.00228094,0.000239683,2.396827
FORT,MALAD,12.7788,49.85747806,0.105080693,0.002201363,0.000231321,2.313207
FORT,KANDIVALI WEST,12.7788,42.43046651,0.105080693,0.001873437,0.000196862,1.968621
FORT,CHURCHGATE,12.7788,40.80618884,0.105080693,0.00180172,0.000189326,1.89326
FORT,BANDRA EAST,12.7788,40.54463652,0.105080693,0.001790172,0.000188113,1.881125
FORT,BORIVALI WEST,12.7788,37.2133911,0.105080693,0.001643087,0.000172657,1.726567
FORT,DADAR,12.7788,37.14599302,0.105080693,0.001640111,0.000172344,1.72344
FORT,BANDRA WEST,12.7788,34.50952431,0.105080693,0.001523703,0.000160112,1.601118
FORT,GOREGAON WEST,12.7788,32.85065586,0.105080693,0.001450459,0.000152415,1.524152
FORT,COLABA,12.7788,32.50912908,0.105080693,0.001435379,0.000150831,1.508306
FORT,GOWANDI,5.9616,68.9083197,0.049022526,0.003042517,0.000149152,1.491519
FORT,SION,27.6,14.4748542,0.22695614,0.00063911,0.00014505,1.450499
FORT,CST,5.9616,63.2712902,0.049022526,0.002793624,0.000136951,1.369505
FORT,DADAR,27.6,10.77494682,0.22695614,0.000475747,0.000107974,1.079738
FORT,MUMBAI CENTRAL,12.7788,22.50968416,0.105080693,0.000993873,0.000104437,1.044368
FORT,GHATKOPAR EAST,27.6,9.577243426,0.22695614,0.000422865,9.60E-05,0.959718324
FORT,GHATKOPAR WEST,27.6,9.577243426,0.22695614,0.000422865,9.60E-05,0.959718324
FORT,PAREL,12.7788,20.47353852,0.105080693,0.000903971,9.50E-05,0.949898412
FORT,CHEMBUR,5.9616,30.13607632,0.049022526,0.001330602,6.52E-05,0.652294504
FORT,VIKHROLI,27.6,6.34861344,0.22695614,0.000280311,6.36E-05,0.636183125
FORT,AGRIPADA,27.6,4.502557498,0.22695614,0.000198802,4.51E-05,0.451193182
FORT,KURLA,5.9616,18.15229737,0.049022526,0.00080148,3.93E-05,0.392905954
FORT,SEWRI,5.9616,6.830495439,0.049022526,0.000301588,1.48E-05,0.147845877
GHATKOPAR EAST,VIKHROLI,27.6,91.28709894,0.22695614,0.00403061,0.000914772,9.147716
GHATKOPAR EAST,COLABA,27.6,88.60585219,0.22695614,0.003912224,0.000887903,8.879033
GHATKOPAR EAST,MULUND EAST,27.6,86.61645909,0.22695614,0.003824386,0.000867968,8.679679
GHATKOPAR EAST,AGRIPADA,27.6,65.50046729,0.22695614,0.00289205,0.000656368,6.563684
GHATKOPAR EAST,MULUND WEST,27.6,46.31093692,0.22695614,0.002044772,0.000464074,4.640736
GHATKOPAR EAST,PAREL,12.7788,47.49830016,0.105080693,0.002097198,0.000220375,2.20375
GHATKOPAR EAST,JUHU,12.7788,46.78619472,0.105080693,0.002065756,0.000217071,2.170711
GHATKOPAR EAST,MALAD,12.7788,46.08841697,0.105080693,0.002034947,0.000213834,2.138336
GHATKOPAR EAST,BANDRA WEST,12.7788,45.74070248,0.105080693,0.002019594,0.00021222,2.122204
GHATKOPAR EAST,GOREGAON WEST,12.7788,44.9903272,0.105080693,0.001986463,0.000208739,2.087389
GHATKOPAR EAST,KANDIVALI EAST,12.7788,43.84628467,0.105080693,0.00193595,0.000203431,2.03431
GHATKOPAR EAST,DADAR,12.7788,40.06750236,0.105080693,0.001769105,0.000185899,1.858988
GHATKOPAR EAST,BANDRA EAST,12.7788,39.94276119,0.105080693,0.001763597,0.00018532,1.8532
GHATKOPAR EAST,KANDIVALI WEST,12.7788,39.08407352,0.105080693,0.001725684,0.000181336,1.81336
GHATKOPAR EAST,KHAR,12.7788,29.34647786,0.105080693,0.001295738,0.000136157,1.361571
GHATKOPAR EAST,CHURCHGATE,12.7788,28.21710364,0.105080693,0.001245873,0.000130917,1.309172
GHATKOPAR EAST,MUMBAI CENTRAL,12.7788,27.43529311,0.105080693,0.001211354,0.00012729,1.272899
GHATKOPAR EAST,BORIVALI WEST,12.7788,27.32068533,0.105080693,0.001206293,0.000126758,1.267581
GHATKOPAR EAST,KURLA,5.9616,47.52501116,0.049022526,0.002098377,0.000102868,1.028677
GHATKOPAR EAST,THANE,27.6,5.902626668,0.22695614,0.000260619,5.91E-05,0.591491593
GHATKOPAR EAST,CHEMBUR,5.9616,24.17945471,0.049022526,0.001067598,5.23E-05,0.523363601
GHATKOPAR EAST,CST,5.9616,22.89671613,0.049022526,0.001010961,4.96E-05,0.495598761
GHATKOPAR EAST,COLABA,12.7788,10.31611087,0.105080693,0.000455488,0.000047863,0.47863
GHATKOPAR EAST,NAGPADA,27.6,1.291399892,0.22695614,5.70E-05,1.29E-05,0.129408859
GHATKOPAR EAST,SEWRI,5.9616,1.921056415,0.049022526,8.48E-05,4.16E-06,0.041581211
GHATKOPAR EAST,GOWANDI,5.9616,1.517027042,0.049022526,6.70E-05,3.28E-06,0.032836007
GHATKOPAR WEST,NAGPADA,27.6,88.77652374,0.22695614,0.00391976,0.000889614,8.896136
GHATKOPAR WEST,COLABA,27.6,72.83030124,0.22695614,0.003215685,0.000729819,7.298193
GHATKOPAR WEST,MULUND WEST,27.6,70.90285679,0.22695614,0.003130582,0.000710505,7.105048
GHATKOPAR WEST,MULUND EAST,27.6,61.64665427,0.22695614,0.002721892,0.00061775,6.1775
GHATKOPAR WEST,THANE,27.6,47.83638141,0.22695614,0.002112125,0.00047936,4.793598
GHATKOPAR WEST,AGRIPADA,27.6,40.70132445,0.22695614,0.00179709,0.000407861,4.078606
GHATKOPAR WEST,JUHU,12.7788,59.92564471,0.105080693,0.002645904,0.000278033,2.780334
GHATKOPAR WEST,BANDRA WEST,12.7788,49.42053891,0.105080693,0.002182071,0.000229294,2.292935
GHATKOPAR WEST,CHURCHGATE,12.7788,47.81442561,0.105080693,0.002111156,0.000221842,2.218417
GHATKOPAR WEST,KHAR,12.7788,46.82032503,0.105080693,0.002067263,0.000217229,2.172294
GHATKOPAR WEST,BORIVALI WEST,12.7788,46.44829699,0.105080693,0.002050837,0.000215503,2.155034
GHATKOPAR WEST,KANDIVALI WEST,12.7788,46.14111962,0.105080693,0.002037274,0.000214078,2.140782
GHATKOPAR WEST,BANDRA EAST,12.7788,45.88653759,0.105080693,0.002026034,0.000212897,2.12897
GHATKOPAR WEST,GOREGAON WEST,12.7788,42.90076529,0.105080693,0.001894202,0.000199044,1.990441
GHATKOPAR WEST,KANDIVALI EAST,12.7788,42.72937052,0.105080693,0.001886635,0.000198249,1.982489
GHATKOPAR WEST,MUMBAI CENTRAL,12.7788,37.33981906,0.105080693,0.001648669,0.000173243,1.732433
GHATKOPAR WEST,DADAR,12.7788,35.05396174,0.105080693,0.001547742,0.000162638,1.626378
GHATKOPAR WEST,MALAD,12.7788,25.94726205,0.105080693,0.001145652,0.000120386,1.203859
GHATKOPAR WEST,KURLA,5.9616,45.55370124,0.049022526,0.002011338,9.86E-05,0.986008551
GHATKOPAR WEST,GOWANDI,5.9616,35.03944404,0.049022526,0.001547101,7.58E-05,0.758427757
GHATKOPAR WEST,COLABA,12.7788,16.23132954,0.105080693,0.000716664,7.53E-05,0.753075203
GHATKOPAR WEST,CHEMBUR,5.9616,23.81103335,0.049022526,0.001051331,5.15E-05,0.515389131
GHATKOPAR WEST,PAREL,12.7788,10.02179741,0.105080693,0.000442494,4.65E-05,0.464975287
GHATKOPAR WEST,CST,5.9616,16.28307133,0.049022526,0.000718948,3.52E-05,0.35244661
GHATKOPAR WEST,VIKHROLI,27.6,2.720024576,0.22695614,0.000120098,2.73E-05,0.272568767
GHATKOPAR WEST,SEWRI,5.9616,12.05644723,0.049022526,0.00053233,2.61E-05,0.260961453
GOREGAON WEST,JUHU,46.3,96.37926416,0.380727148,0.004255445,0.001620163,16.201632
GOREGAON WEST,KANDIVALI WEST,46.3,93.36674728,0.380727148,0.004122433,0.001569522,15.69522
GOREGAON WEST,BORIVALI WEST,46.3,78.21217182,0.380727148,0.003453311,0.001314769,13.147692
GOREGAON WEST,KANDIVALI EAST,46.3,73.61334413,0.380727148,0.003250258,0.001237462,12.374616
GOREGAON WEST,COLABA,46.3,64.69842431,0.380727148,0.002856637,0.001087599,10.875992
GOREGAON WEST,MALAD,46.3,46.35093026,0.380727148,0.002046538,0.000779173,7.791725
GOREGAON WEST,PAREL,46.3,38.9994621,0.380727148,0.001721948,0.000655592,6.555922
GOREGAON WEST,KHAR,46.3,3.597002802,0.380727148,0.000158819,6.05E-05,0.604666553
GOREGAON WEST,GOWANDI,2.869,32.3512101,0.023591926,0.001428407,3.37E-05,0.336988637
GOREGAON WEST,CHEMBUR,2.869,32.34614686,0.023591926,0.001428183,3.37E-05,0.336935896
GOREGAON WEST,SEWRI,2.869,25.52642196,0.023591926,0.001127071,2.66E-05,0.265897755
GOREGAON WEST,CST,2.869,21.60064617,0.023591926,0.000953736,2.25E-05,0.225004638
GOREGAON WEST,KURLA,2.869,19.27817808,0.023591926,0.000851192,2.01E-05,0.200812487
GOWANDI,KURLA,26.1,76.74557294,0.214621567,0.003388556,0.000727257,7.272572
JUHU,COLABA,46.3,95.40089811,0.380727148,0.004212247,0.001603717,16.037166
JUHU,KHAR,46.3,77.10343997,0.380727148,0.003404357,0.001296131,12.961311
JUHU,SEWRI,2.869,30.48423764,0.023591926,0.001345974,3.18E-05,0.317541188
JUHU,KURLA,2.869,28.75805954,0.023591926,0.001269758,0.000029956,0.29956
JUHU,CST,2.869,15.72675429,0.023591926,0.000694385,1.64E-05,0.163818833
JUHU,GOWANDI,2.869,12.57010151,0.023591926,0.000555009,1.31E-05,0.130937339
JUHU,CHEMBUR,2.869,10.91935317,0.023591926,0.000482123,1.14E-05,0.113742204
KANDIVALI EAST,PAREL,46.3,99.00005625,0.380727148,0.004371161,0.00166422,16.642195
KANDIVALI EAST,COLABA,46.3,77.68163355,0.380727148,0.003429886,0.001305851,13.058507
KANDIVALI EAST,BORIVALI WEST,46.3,71.94924669,0.380727148,0.003176783,0.001209488,12.094876
KANDIVALI EAST,KHAR,46.3,35.98451989,0.380727148,0.001588829,0.00060491,6.049102
KANDIVALI EAST,JUHU,46.3,24.88633357,0.380727148,0.001098809,0.000418346,4.183464
KANDIVALI EAST,CHEMBUR,2.869,32.49234854,0.023591926,0.001434638,3.38E-05,0.338458816
KANDIVALI EAST,SEWRI,2.869,30.54360254,0.023591926,0.001348595,0.000031816,0.31816
KANDIVALI EAST,GOWANDI,2.869,20.26973418,0.023591926,0.000894972,2.11E-05,0.2111411
KANDIVALI EAST,CST,2.869,19.14419,0.023591926,0.000845276,1.99E-05,0.199416791
KANDIVALI EAST,KURLA,2.869,15.93641609,0.023591926,0.000703642,1.66E-05,0.16600279
KANDIVALI WEST,COLABA,46.3,91.44225779,0.380727148,0.00403746,0.001537171,15.371707
KANDIVALI WEST,BORIVALI WEST,46.3,85.70602457,0.380727148,0.003784188,0.001440743,14.40743
KANDIVALI WEST,JUHU,46.3,42.69644103,0.380727148,0.001885181,0.00071774,7.177395
KANDIVALI WEST,PAREL,46.3,38.50795464,0.380727148,0.001700246,0.00064733,6.473298
KANDIVALI WEST,KHAR,46.3,14.32032723,0.380727148,0.000632287,0.000240729,2.407288
KANDIVALI WEST,KANDIVALI EAST,46.3,10.85441161,0.380727148,0.000479256,0.000182466,1.824658
KANDIVALI WEST,CHEMBUR,2.869,36.75732455,0.023591926,0.00162295,3.83E-05,0.382885236
KANDIVALI WEST,CST,2.869,33.66328291,0.023591926,0.001486339,3.51E-05,0.350655935
KANDIVALI WEST,KURLA,2.869,32.65767134,0.023591926,0.001441938,3.40E-05,0.340180912
KANDIVALI WEST,GOWANDI,2.869,16.70519999,0.023591926,0.000737587,1.74E-05,0.174010881
KANDIVALI WEST,SEWRI,2.869,12.69493063,0.023591926,0.000560521,1.32E-05,0.132237631
KHAR,COLABA,46.3,43.99505316,0.380727148,0.001942519,0.00073957,7.395695
KHAR,KURLA,2.869,33.81844418,0.023591926,0.00149319,3.52E-05,0.352272183
KHAR,CST,2.869,29.25248409,0.023591926,0.001291588,3.05E-05,0.304710542
KHAR,CHEMBUR,2.869,26.81738172,0.023591926,0.001184071,2.79E-05,0.279345128
KHAR,GOWANDI,2.869,25.03703957,0.023591926,0.001105463,0.00002608,0.2608
KHAR,SEWRI,2.869,12.80689263,0.023591926,0.000565464,1.33E-05,0.133403891
KURLA,AGRIPADA,27.6,83.92854859,0.22695614,0.003705707,0.000841033,8.410329
KURLA,THANE,27.6,68.2511494,0.22695614,0.003013501,0.000683933,6.839325
KURLA,MULUND WEST,27.6,59.66413994,0.22695614,0.002634358,0.000597884,5.978836
KURLA,NAGPADA,27.6,45.83781671,0.22695614,0.002023882,0.000459333,4.593325
KURLA,GHATKOPAR WEST,27.6,35.79018989,0.22695614,0.001580248,0.000358647,3.586471
KURLA,KANDIVALI WEST,12.7788,57.47028004,0.105080693,0.002537492,0.000266641,2.666414
KURLA,BORIVALI WEST,12.7788,54.36590155,0.105080693,0.002400424,0.000252238,2.522382
KURLA,VIKHROLI,27.6,24.08400567,0.22695614,0.001063384,0.000241342,2.413415
KURLA,MUMBAI CENTRAL,12.7788,44.28304046,0.105080693,0.001955234,0.000205457,16.054574
KURLA,MALAD,12.7788,36.90055331,0.105080693,0.001629274,0.000171205,1.712053
KURLA,BANDRA WEST,12.7788,36.40661485,0.105080693,0.001607465,0.000168914,1.689136
KURLA,COLABA,12.7788,34.10204891,0.105080693,0.001505712,0.000158221,1.582212
KURLA,CST,5.9616,69.88248788,0.049022526,0.003085529,0.00015126,1.512604
KURLA,SEWRI,5.9616,65.28443521,0.049022526,0.002882511,0.000141308,1.41308
KURLA,GOREGAON WEST,12.7788,30.11076919,0.105080693,0.001329484,0.000139703,1.397031
KURLA,GOWANDI,5.9616,57.28850677,0.049022526,0.002529466,0.000124001,1.240008
KURLA,PAREL,12.7788,23.17267506,0.105080693,0.001023146,0.000107513,1.075129
KURLA,KANDIVALI EAST,12.7788,22.34923876,0.105080693,0.000986789,0.000103692,1.036924
KURLA,DADAR,12.7788,22.23523839,0.105080693,0.000981755,0.000103164,1.031635
KURLA,COLABA,27.6,10.23889023,0.22695614,0.000452079,0.000102602,1.026021
KURLA,MULUND EAST,27.6,6.837085518,0.22695614,0.000301879,6.85E-05,0.685132033
KURLA,CHURCHGATE,12.7788,13.4311222,0.105080693,0.000593026,6.23E-05,0.623155672
KURLA,JUHU,12.7788,12.72378499,0.105080693,0.000561795,5.90E-05,0.590337774
KURLA,BANDRA EAST,12.7788,12.24040671,0.105080693,0.000540452,5.68E-05,0.567910764
KURLA,KHAR,12.7788,11.55632984,0.105080693,0.000510248,5.36E-05,0.536172062
KURLA,CHEMBUR,5.9616,17.4783474,0.049022526,0.000771723,3.78E-05,0.378318326
KURLA,GHATKOPAR EAST,27.6,2.60756854,0.22695614,0.000115132,0.00002613,0.2613
MALAD,BORIVALI WEST,46.3,68.92864595,0.380727148,0.003043414,0.00115871,11.587104
MALAD,KANDIVALI EAST,46.3,58.53720594,0.380727148,0.0025846,0.000984027,9.840273
MALAD,KANDIVALI WEST,46.3,53.48405135,0.380727148,0.002361487,0.000899082,8.990823
MALAD,JUHU,46.3,46.30697274,0.380727148,0.002044597,0.000778434,7.784336
MALAD,PAREL,46.3,16.55636302,0.380727148,0.000731015,0.000278317,2.783172
MALAD,KHAR,46.3,14.83228307,0.380727148,0.000654892,0.000249335,2.49335
MALAD,GOWANDI,2.869,34.80038951,0.023591926,0.001536546,3.63E-05,0.362500685
MALAD,CHEMBUR,2.869,29.93596017,0.023591926,0.001321766,0.000031183,0.31183
MALAD,SEWRI,2.869,26.68284114,0.023591926,0.001178131,2.78E-05,0.277943676
MALAD,COLABA,46.3,1.531655109,0.380727148,6.76E-05,2.57E-05,0.257475644
MALAD,CST,2.869,22.00756444,0.023591926,0.000971703,2.29E-05,0.229243331
MALAD,KURLA,2.869,17.35912171,0.023591926,0.000766459,1.81E-05,0.180822502
MULUND EAST,COLABA,27.6,95.40634577,0.22695614,0.004212487,0.00095605,9.560498
MULUND EAST,THANE,27.6,93.68155328,0.22695614,0.004136332,0.000938766,9.38766
MULUND EAST,VIKHROLI,27.6,87.31834583,0.22695614,0.003855377,0.000875001,8.750014
MULUND EAST,NAGPADA,27.6,27.96582421,0.22695614,0.001234778,0.000280241,2.802405
MULUND EAST,BANDRA WEST,12.7788,59.19691093,0.105080693,0.002613728,0.000274652,2.746523
MULUND EAST,KANDIVALI EAST,12.7788,51.97303847,0.105080693,0.002294771,0.000241136,2.411362
MULUND EAST,KANDIVALI WEST,12.7788,48.85478758,0.105080693,0.002157091,0.000226669,2.266686
MULUND EAST,DADAR,12.7788,41.6215795,0.105080693,0.001837722,0.000193109,1.931091
MULUND EAST,BORIVALI WEST,12.7788,41.61409713,0.105080693,0.001837392,0.000193074,1.930744
MULUND EAST,GOREGAON WEST,12.7788,41.4085034,0.105080693,0.001828314,0.000192121,1.921205
MULUND EAST,MUMBAI CENTRAL,12.7788,38.63846044,0.105080693,0.001706008,0.000179269,1.792685
MULUND EAST,CHURCHGATE,12.7788,33.20802391,0.105080693,0.001466238,0.000154073,1.540733
MULUND EAST,BANDRA EAST,12.7788,32.79847952,0.105080693,0.001448155,0.000152173,1.521731
MULUND EAST,MALAD,12.7788,31.10749901,0.105080693,0.001373493,0.000144328,1.443276
MULUND EAST,COLABA,12.7788,25.46040535,0.105080693,0.001124156,0.000118127,1.181271
MULUND EAST,CST,5.9616,52.31546902,0.049022526,0.002309891,0.000113237,1.132367
MULUND EAST,AGRIPADA,27.6,10.76746795,0.22695614,0.000475417,0.000107899,1.078989
MULUND EAST,CHEMBUR,5.9616,47.74053582,0.049022526,0.002107893,0.000103334,1.033343
MULUND EAST,JUHU,12.7788,20.33257684,0.105080693,0.000897747,9.43E-05,0.943358298
MULUND EAST,PAREL,12.7788,19.06951162,0.105080693,0.000841978,8.85E-05,0.884756624
MULUND EAST,KHAR,12.7788,14.63093718,0.105080693,0.000646001,6.79E-05,0.678822764
MULUND EAST,KURLA,5.9616,11.28144357,0.049022526,0.000498111,2.44E-05,0.244186521
MULUND EAST,GOWANDI,5.9616,9.577764219,0.049022526,0.000422888,0.000020731,0.20731
MULUND EAST,SEWRI,5.9616,4.407248711,0.049022526,0.000194594,9.54E-06,0.095394771
MULUND WEST,AGRIPADA,27.6,98.4497793,0.22695614,0.004346864,0.000986548,9.865475
MULUND WEST,THANE,27.6,88.43544426,0.22695614,0.0039047,0.000886196,8.861957
MULUND WEST,KHAR,12.7788,57.24481151,0.105080693,0.002527537,0.000265595,2.655953
MULUND WEST,MALAD,12.7788,45.96562147,0.105080693,0.002029525,0.000213264,2.132639
MULUND WEST,KANDIVALI EAST,12.7788,40.45724295,0.105080693,0.001786313,0.000187707,1.87707
MULUND WEST,VIKHROLI,27.6,18.0818724,0.22695614,0.000798371,0.000181195,1.811952
MULUND WEST,COLABA,12.7788,38.82676928,0.105080693,0.001714323,0.000180142,1.801422
MULUND WEST,BANDRA WEST,12.7788,38.78196128,0.105080693,0.001712344,0.000179934,1.799343
MULUND WEST,COLABA,27.6,16.57592026,0.22695614,0.000731879,0.000166104,1.661043
MULUND WEST,BORIVALI WEST,12.7788,31.74285143,0.105080693,0.001401546,0.000147275,1.472754
MULUND WEST,GOREGAON WEST,12.7788,30.2907654,0.105080693,0.001337432,0.000140538,1.405382
MULUND WEST,CHURCHGATE,12.7788,29.13341305,0.105080693,0.001286331,0.000135169,1.351685
MULUND WEST,BANDRA EAST,12.7788,28.70212237,0.105080693,0.001267288,0.000133168,1.331675
MULUND WEST,JUHU,12.7788,28.0771781,0.105080693,0.001239695,0.000130268,1.30268
MULUND WEST,MUMBAI CENTRAL,12.7788,25.63400544,0.105080693,0.001131821,0.000118933,1.189325
MULUND WEST,CST,5.9616,48.99449428,0.049022526,0.002163259,0.000106048,1.060484
MULUND WEST,KURLA,5.9616,47.91812662,0.049022526,0.002115734,0.000103719,1.037186
MULUND WEST,KANDIVALI WEST,12.7788,21.61997914,0.105080693,0.000954589,0.000100309,1.003089
MULUND WEST,CHEMBUR,5.9616,40.23267472,0.049022526,0.001776398,8.71E-05,0.870835085
MULUND WEST,PAREL,12.7788,18.11622801,0.105080693,0.000799888,8.41E-05,0.840527699
MULUND WEST,DADAR,12.7788,16.80068976,0.105080693,0.000741803,7.79E-05,0.779491465
MULUND WEST,SEWRI,5.9616,29.34567118,0.049022526,0.001295703,6.35E-05,0.635186207
MULUND WEST,GOWANDI,5.9616,3.112946178,0.049022526,0.000137446,0.000006738,0.06738
MULUND WEST,NAGPADA,27.6,0.426954264,0.22695614,1.89E-05,4.28E-06,0.042784318
MUMBAI CENTRAL,DADAR,46.3,91.53680205,0.380727148,0.004041635,0.00153876,15.387601
MUMBAI CENTRAL,KANDIVALI EAST,46.3,89.68634789,0.380727148,0.003959931,0.001507653,15.076534
MUMBAI CENTRAL,KHAR,46.3,79.55787391,0.380727148,0.003512728,0.001337391,13.373908
MUMBAI CENTRAL,BANDRA WEST,46.3,74.92728853,0.380727148,0.003308273,0.001259549,12.595493
MUMBAI CENTRAL,MALAD,46.3,68.57379391,0.380727148,0.003027746,0.001152745,11.527453
MUMBAI CENTRAL,KANDIVALI WEST,46.3,66.73269717,0.380727148,0.002946456,0.001121796,11.217959
MUMBAI CENTRAL,PAREL,46.3,51.88577361,0.380727148,0.002290918,0.000872215,8.722148
MUMBAI CENTRAL,BANDRA EAST,46.3,36.39026186,0.380727148,0.001606743,0.000611731,6.117308
MUMBAI CENTRAL,COLABA,46.3,36.23306493,0.380727148,0.001599803,0.000609088,6.090883
MUMBAI CENTRAL,JUHU,46.3,20.10614381,0.380727148,0.000887749,0.00033799,3.379901
MUMBAI CENTRAL,GOREGAON WEST,46.3,17.38062224,0.380727148,0.000767409,0.000292173,2.921733
MUMBAI CENTRAL,BORIVALI WEST,46.3,13.30598302,0.380727148,0.000587501,0.000223677,2.236774
MUMBAI CENTRAL,CST,2.869,39.18480085,0.023591926,0.001730131,4.08E-05,16.40817121
MUMBAI CENTRAL,KURLA,2.869,35.27762541,0.023591926,0.001557617,3.67E-05,0.367471846
MUMBAI CENTRAL,GOWANDI,2.869,28.75884747,0.023591926,0.001269793,3.00E-05,0.299568541
MUMBAI CENTRAL,CHEMBUR,2.869,17.65989099,0.023591926,0.000779739,1.84E-05,0.183955487
MUMBAI CENTRAL,SEWRI,2.869,15.76029865,0.023591926,0.000695866,1.64E-05,0.164168251
NAGPADA,VIKHROLI,27.6,85.67505963,0.22695614,0.003782821,0.000858534,8.585344
NAGPADA,AGRIPADA,27.6,78.7856342,0.22695614,0.003478631,0.000789497,7.894967
NAGPADA,AGRIPADA,27.6,78.7632107,0.22695614,0.003477641,0.000789272,7.89272
NAGPADA,COLABA,27.6,65.38145745,0.22695614,0.002886795,0.000655176,6.551758
NAGPADA,DADAR,27.6,62.20048917,0.22695614,0.002746345,0.0006233,6.232999
NAGPADA,COLABA,27.6,53.61100193,0.22695614,0.002367093,0.000537226,5.372262
NAGPADA,MULUND EAST,27.6,53.27396912,0.22695614,0.002352212,0.000533849,5.338489
NAGPADA,MULUND WEST,27.6,49.81591126,0.22695614,0.002199528,0.000499196,4.991963
NAGPADA,SION,27.6,47.98927563,0.22695614,0.002118876,0.000480892,4.808919
NAGPADA,FORT,27.6,47.10922763,0.22695614,0.002080019,0.000472073,4.720731
NAGPADA,GHATKOPAR WEST,27.6,27.59517978,0.22695614,0.001218413,0.000276526,2.765263
NAGPADA,GOREGAON WEST,12.7788,59.37559157,0.105080693,0.002621617,0.000275481,2.754813
NAGPADA,DADAR,12.7788,57.153132,0.105080693,0.002523489,0.00026517,2.651699
NAGPADA,CHURCHGATE,12.7788,55.73867678,0.105080693,0.002461036,0.000258607,2.586074
NAGPADA,JUHU,12.7788,52.16895897,0.105080693,0.002303422,0.000242045,2.420452
NAGPADA,CHURCHGATE,12.7788,41.95655353,0.105080693,0.001852512,0.000194663,1.946633
NAGPADA,KANDIVALI EAST,12.7788,40.06551246,0.105080693,0.001769017,0.00018589,1.858895
NAGPADA,MUMBAI CENTRAL,12.7788,38.19275701,0.105080693,0.001686329,0.000177201,1.772006
NAGPADA,GHATKOPAR EAST,27.6,17.16050513,0.22695614,0.00075769,0.000171962,1.719623
NAGPADA,KURLA,5.9616,72.51574353,0.049022526,0.003201796,0.00015696,1.569601
NAGPADA,KANDIVALI WEST,12.7788,33.11977482,0.105080693,0.001462341,0.000153664,1.536638
NAGPADA,BORIVALI WEST,12.7788,32.69230933,0.105080693,0.001443467,0.000151681,1.516805
NAGPADA,CST,5.9616,69.82021375,0.049022526,0.00308278,0.000151126,1.511257
NAGPADA,MALAD,12.7788,32.36642967,0.105080693,0.001429079,0.000150169,1.501686
NAGPADA,COLABA,12.7788,30.30144241,0.105080693,0.001337903,0.000140588,1.405878
NAGPADA,CHEMBUR,5.9616,63.58587089,0.049022526,0.002807514,0.000137631,1.376314
NAGPADA,KURLA,27.6,13.51209658,0.22695614,0.000596601,0.000135402,1.354023
NAGPADA,BANDRA WEST,12.7788,24.93162903,0.105080693,0.001100809,0.000115674,1.156738
NAGPADA,GOWANDI,5.9616,53.37114946,0.049022526,0.002356502,0.000115522,1.155217
NAGPADA,KURLA,5.9616,50.78055741,0.049022526,0.00224212,0.000109914,1.099144
NAGPADA,GOWANDI,5.9616,43.21700904,0.049022526,0.001908166,9.35E-05,0.935430916
NAGPADA,BANDRA EAST,12.7788,19.64315342,0.105080693,0.000867306,9.11E-05,0.911371536
NAGPADA,SEWRI,5.9616,40.92876617,0.049022526,0.001807132,8.86E-05,0.885901965
NAGPADA,KHAR,12.7788,12.9269452,0.105080693,0.000570765,6.00E-05,0.599763676
NAGPADA,CST,5.9616,27.31415955,0.049022526,0.001206005,5.91E-05,0.591214197
NAGPADA,PAREL,12.7788,12.66334906,0.105080693,0.000559126,5.88E-05,0.587533765
NAGPADA,THANE,27.6,5.62422385,0.22695614,0.000248327,5.64E-05,0.563593348
NAGPADA,SEWRI,5.9616,21.92424983,0.049022526,0.000968024,0.000047455,0.47455
NAGPADA,CHEMBUR,5.9616,16.66619947,0.049022526,0.000735865,3.61E-05,0.360739407
PAREL,COLABA,46.3,93.90669537,0.380727148,0.004146273,0.001578599,15.785987
PAREL,JUHU,46.3,16.21722728,0.380727148,0.000716041,0.000272616,2.726163
PAREL,KHAR,46.3,15.26548443,0.380727148,0.000674019,0.000256617,2.566172
PAREL,KURLA,2.869,33.3853036,0.023591926,0.001474065,0.000034776,0.34776
PAREL,SEWRI,2.869,30.07149562,0.023591926,0.00132775,3.13E-05,0.313241832
PAREL,CST,2.869,29.33933902,0.023591926,0.001295423,3.06E-05,0.305615272
PAREL,CHEMBUR,2.869,25.9488948,0.023591926,0.001145725,2.70E-05,0.270298473
PAREL,GOWANDI,2.869,16.13044407,0.023591926,0.000712209,1.68E-05,0.168023896
SEWRI,CHEMBUR,26.1,50.10239971,0.214621567,0.002212177,0.000474781,4.747809
SEWRI,GOWANDI,26.1,43.1142387,0.214621567,0.001903628,0.00040856,4.085596
SEWRI,KURLA,26.1,20.02701533,0.214621567,0.000884255,0.00018978,1.897802
SION,COLABA,27.6,92.58990551,0.22695614,0.004088133,0.000927827,9.278268
SION,THANE,27.6,87.54044115,0.22695614,0.003865183,0.000877227,8.77227
SION,VIKHROLI,27.6,72.87859605,0.22695614,0.003217817,0.000730303,7.303033
SION,AGRIPADA,27.6,70.25610779,0.22695614,0.003102026,0.000704024,7.040238
SION,NAGPADA,27.6,68.22212404,0.22695614,0.003012219,0.000683642,6.836416
SION,MULUND WEST,27.6,46.09966103,0.22695614,0.002035444,0.000461956,4.619564
SION,KURLA,27.6,39.49008281,0.22695614,0.00174361,0.000395723,3.95723
SION,GHATKOPAR EAST,27.6,38.27655755,0.22695614,0.001690029,0.000383563,3.835625
SION,BORIVALI WEST,12.7788,51.62108761,0.105080693,0.002279232,0.000239503,2.395032
SION,BANDRA EAST,12.7788,40.44157506,0.105080693,0.001785621,0.000187634,1.876343
SION,GOREGAON WEST,12.7788,35.91523944,0.105080693,0.00158577,0.000166634,1.666338
SION,KANDIVALI EAST,12.7788,35.77087726,0.105080693,0.001579396,0.000165964,1.65964
SION,CHEMBUR,5.9616,71.49005373,0.049022526,0.003156508,0.00015474,1.5474
SION,MUMBAI CENTRAL,12.7788,32.16802243,0.105080693,0.001420318,0.000149248,1.49248
SION,MALAD,12.7788,30.07053279,0.105080693,0.001327708,0.000139516,1.395164
SION,GHATKOPAR WEST,27.6,12.77873523,0.22695614,0.000564221,0.000128053,1.280534
SION,JUHU,12.7788,26.03032709,0.105080693,0.00114932,0.000120771,1.207713
SION,MULUND EAST,27.6,11.30679313,0.22695614,0.00049923,0.000113303,1.133033
SION,CHURCHGATE,12.7788,23.92382712,0.105080693,0.001056311,0.000110998,1.109979
SION,KHAR,12.7788,22.04117603,0.105080693,0.000973187,0.000102263,1.022631
SION,COLABA,12.7788,20.93995257,0.105080693,0.000924564,9.72E-05,0.971538344
SION,SEWRI,5.9616,36.75529563,0.049022526,0.001622861,7.96E-05,0.795567315
SION,PAREL,12.7788,15.456441,0.105080693,0.00068245,7.17E-05,0.717123166
SION,KANDIVALI WEST,12.7788,14.66076197,0.105080693,0.000647318,6.80E-05,0.680206527
SION,GOWANDI,5.9616,29.20627246,0.049022526,0.001289548,6.32E-05,0.632168926
SION,KURLA,5.9616,28.91766915,0.049022526,0.001276805,6.26E-05,0.625922116
SION,DADAR,12.7788,11.04984323,0.105080693,0.000487885,5.13E-05,0.512672909
SION,CST,5.9616,21.86734023,0.049022526,0.000965511,4.73E-05,0.473317949
SION,BANDRA WEST,12.7788,10.11723,0.105080693,0.000446707,4.69E-05,0.469403015
THANE,AGRIPADA,27.6,84.4018291,0.22695614,0.003726604,0.000845776,8.457755
THANE,VIKHROLI,27.6,51.45899532,0.22695614,0.002272075,0.000515661,5.156613
THANE,COLABA,27.6,42.16651945,0.22695614,0.001861783,0.000422543,4.225431
THANE,COLABA,12.7788,57.90076738,0.105080693,0.002556499,0.000268639,2.686387
THANE,MALAD,12.7788,55.98135451,0.105080693,0.002471751,0.000259733,2.597333
THANE,GOREGAON WEST,12.7788,48.97171521,0.105080693,0.002162254,0.000227211,2.272111
THANE,BORIVALI WEST,12.7788,48.48971552,0.105080693,0.002140972,0.000224975,2.249748
THANE,MUMBAI CENTRAL,12.7788,45.6770693,0.105080693,0.002016785,0.000211925,2.119251
THANE,BANDRA WEST,12.7788,43.9854684,0.105080693,0.001942095,0.000204077,2.040767
THANE,DADAR,12.7788,40.16026432,0.105080693,0.001773201,0.000186329,1.863292
THANE,NAGPADA,27.6,17.32691661,0.22695614,0.000765037,0.00017363,1.736299
THANE,CST,5.9616,71.19482743,0.049022526,0.003143473,0.000154101,1.54101
THANE,KURLA,5.9616,63.42875859,0.049022526,0.002800577,0.000137291,1.372914
THANE,KANDIVALI WEST,12.7788,27.62212614,0.105080693,0.001219603,0.000128157,1.281567
THANE,JUHU,12.7788,27.05522049,0.105080693,0.001194572,0.000125527,1.255265
THANE,SEWRI,5.9616,56.75693611,0.049022526,0.002505995,0.00012285,1.228502
THANE,GOWANDI,5.9616,55.12853558,0.049022526,0.002434096,0.000119326,1.193256
THANE,CHURCHGATE,12.7788,22.20344108,0.105080693,0.000980351,0.000103016,1.03016
THANE,KHAR,12.7788,20.66707606,0.105080693,0.000912516,9.59E-05,0.958877857
THANE,KANDIVALI EAST,12.7788,16.66038916,0.105080693,0.000735608,7.73E-05,0.772982022
THANE,PAREL,12.7788,15.73464039,0.105080693,0.000694733,7.30E-05,0.730030616
THANE,BANDRA EAST,12.7788,14.97842793,0.105080693,0.000661344,6.95E-05,0.694945082
THANE,CHEMBUR,5.9616,17.57661044,0.049022526,0.000776062,3.80E-05,0.380445227
VIKHROLI,NAGPADA,27.6,72.43661801,0.22695614,0.003198302,0.000725874,7.258743
VIKHROLI,AGRIPADA,27.6,30.42710829,0.22695614,0.001343452,0.000304905,3.049046
VIKHROLI,BORIVALI WEST,12.7788,56.81523381,0.105080693,0.002508569,0.000263602,2.636022
VIKHROLI,COLABA,27.6,25.68240925,0.22695614,0.001133958,0.000257359,2.573588
VIKHROLI,BANDRA WEST,12.7788,55.21427054,0.105080693,0.002437882,0.000256174,2.561743
VIKHROLI,GOREGAON WEST,12.7788,54.66039543,0.105080693,0.002413427,0.000253605,2.536045
VIKHROLI,KANDIVALI WEST,12.7788,51.43094689,0.105080693,0.002270836,0.000238621,2.386211
VIKHROLI,MALAD,12.7788,48.49568232,0.105080693,0.002141235,0.000225003,2.250025
VIKHROLI,PAREL,12.7788,45.2713962,0.105080693,0.001998873,0.000210043,2.10043
VIKHROLI,KANDIVALI EAST,12.7788,45.21704959,0.105080693,0.001996474,0.000209791,2.097908
VIKHROLI,KHAR,12.7788,43.41915432,0.105080693,0.001917091,0.000201449,2.014492
VIKHROLI,MUMBAI CENTRAL,12.7788,42.2710973,0.105080693,0.001866401,0.000196123,1.961227
VIKHROLI,BANDRA EAST,12.7788,41.46701881,0.105080693,0.001830898,0.000192392,1.92392
VIKHROLI,SEWRI,5.9616,75.80924422,0.049022526,0.003347214,0.000164089,1.640889
VIKHROLI,CHURCHGATE,12.7788,30.51872293,0.105080693,0.001347497,0.000141596,1.415959
VIKHROLI,DADAR,12.7788,27.69374323,0.105080693,0.001222765,0.000128489,1.28489
VIKHROLI,CHEMBUR,5.9616,56.28600522,0.049022526,0.002485202,0.000121831,1.218309
VIKHROLI,COLABA,12.7788,19.3392794,0.105080693,0.000853889,8.97E-05,0.897272877
VIKHROLI,JUHU,12.7788,15.8374381,0.105080693,0.000699272,0.00007348,0.7348
VIKHROLI,CST,5.9616,14.93726851,0.049022526,0.000659527,3.23E-05,0.323316747
VIKHROLI,KURLA,5.9616,8.546834796,0.049022526,0.000377369,1.85E-05,12.18499599
VIKHROLI,GOWANDI,5.9616,7.961392616,0.049022526,0.00035152,1.72E-05,0.172324114
